key	rule	type	severity	file	line	outcome	declared	reason
AaDKnCOhHkjsOnJ6opNd	Web:S6819	CODE_SMELL	MAJOR	src/main/resources/templates/dashboard.html	205	ACCEPTED	sonarcloud	Play-on picker implements the WAI-ARIA radio group pattern (roving tabindex, aria-checked, arrows/Home/End via the handler shared with the tab list); each option carries a live status badge; covered by DeviceSwitching/Interface/Workflow browser tests.
AaDKnCNpHkjsOnJ6opNX	Web:S9379	CODE_SMELL	MAJOR	src/main/resources/templates/login.html	27	ACCEPTED	sonarcloud	Login page's single task is entering the password; autofocus there is the documented appropriate use and avoids an extra tap on phones.
AaDKnCuUHkjsOnJ6opVr	docker:S6471	VULNERABILITY	MINOR	Dockerfile	6	ACCEPTED	sonarcloud	Runtime image runs as root by deployment contract: existing /data bind mounts are root-owned, and the Bluetooth variant needs the host D-Bus (BlueZ policy: root or host bluetooth group) and uid 1000's PulseAudio socket; a non-root USER breaks existing installs and needs a migration (see triage).
AaDKnCtuHkjsOnJ6opVU	docker:S6471	VULNERABILITY	MINOR	Dockerfile.dist	15	ACCEPTED	sonarcloud	Same runtime stage as Dockerfile (CI multi-arch image); same deployment contract and migration requirement.
AaDKnCteHkjsOnJ6opVQ	docker:S6471	VULNERABILITY	MINOR	scripts/e2e.Dockerfile	4	ACCEPTED	sonarcloud	Local test-tooling image only; scripts/e2e.sh runs it through scripts/gradle.sh as the invoking uid (docker run -u), and Playwright's --with-deps needs root at build time.
AaDKnB2SHkjsOnJ6opIA	java:S107	CODE_SMELL	MAJOR	src/main/java/dev/andre/homecontrol/adapters/tizen/TizenSession.java	75	ACCEPTED	in-code	Package-private constructor with a single production caller (the adapter's connect); eight distinct collaborator types that cannot be swapped by mistake and share no cohesive concept (adapter-wide clients vs. per-device callbacks); a parameter record would only move the list. Declared on the constructor.
AaDKnB-zHkjsOnJ6opKm	java:S107	CODE_SMELL	MAJOR	src/main/java/dev/andre/homecontrol/adapters/webos/WebOsSession.java	75	ACCEPTED	in-code	Package-private constructor with a single production caller (the adapter's connect); eight distinct collaborator types that cannot be swapped by mistake and share no cohesive concept (adapter-wide clients vs. per-device callbacks); a parameter record would only move the list. Declared on the constructor.
AaDKnCLDHkjsOnJ6opM9	java:S107	CODE_SMELL	MAJOR	src/main/java/dev/andre/homecontrol/crypto/Argon2id.java	16	ACCEPTED	in-code	Argon2id.derive takes RFC 9106's own input set (P, S, K, X, m, t, p, T) one to one so the RFC test vector maps onto a call; the only value object for it is BouncyCastle's Argon2Parameters, which this class exists to hide. Production uses the 6-argument overload. Declared on the method.
AaDKnCJxHkjsOnJ6opMw	java:S107	CODE_SMELL	MAJOR	src/main/java/dev/andre/homecontrol/device/DeviceMerge.java	23	ACCEPTED	in-code	DeviceMerge.attach is DeviceManager.attach's five inputs plus the three it is made pure over (registry snapshot, clock value, host equality) for testing; no cohesive value object among them. Declared on the method.
AaDKnBpEHkjsOnJ6opE-	java:S107	CODE_SMELL	MAJOR	src/main/java/dev/andre/homecontrol/sources/sports/calendar/SportsCalendars.java	41	ACCEPTED	in-code	Spring bean constructor of seven distinct collaborators plus the Clock and SecureRandom that tests pin; no cohesive value object among them. Declared on the constructor.
AaDKnBuIHkjsOnJ6opF-	java:S107	CODE_SMELL	MAJOR	src/main/java/dev/andre/homecontrol/sources/tmdb/TmdbContentSource.java	47	ACCEPTED	in-code	Spring injection point (TmdbConfiguration) with eight distinct collaborators (setup, client, images, providers, properties, preferences, matcher, pinned links); grouping them would add a type only for the metric. Declared on the constructor.
AaDKnBuIHkjsOnJ6opF_	java:S107	CODE_SMELL	MAJOR	src/main/java/dev/andre/homecontrol/sources/tmdb/TmdbContentSource.java	55	ACCEPTED	in-code	The same collaborators plus the Clock that tests pin (package-private test constructor). Declared on the constructor.
AaDKnBkUHkjsOnJ6opDy	java:S107	CODE_SMELL	MAJOR	src/main/java/dev/andre/homecontrol/sources/youtube/YouTubeContentSource.java	39	ACCEPTED	in-code	Spring constructor injection of nine distinct collaborators (setup, feed, API client, playlists, search, quota ledger, known videos, properties, clock); no cohesive value among them, and a holder would only hide them from Spring and the tests. Declared on the constructor.
AaDKnBhxHkjsOnJ6opDU	java:S107	CODE_SMELL	MAJOR	src/main/java/dev/andre/homecontrol/sources/youtube/YouTubeSetupService.java	52	ACCEPTED	in-code	Spring constructor injection of eleven distinct collaborators, four resolved lazily through ObjectProvider (YouTubeAccount and YouTubeContentSource depend on this bean); no cohesive value among them. Declared on the constructor.
AaDKnB5nHkjsOnJ6opJj	java:S1075	CODE_SMELL	MINOR	src/main/java/dev/andre/homecontrol/adapters/sonos/protocol/SonosEndpoints.java	14	ACCEPTED	in-code	Fixed Sonos control path, identical on S1 and S2 firmware (SoCo services.py): a protocol constant, not deployment configuration; making it configurable would only allow breaking every speaker. Declared per field.
AaDKnB5nHkjsOnJ6opJk	java:S1075	CODE_SMELL	MINOR	src/main/java/dev/andre/homecontrol/adapters/sonos/protocol/SonosEndpoints.java	15	ACCEPTED	in-code	Fixed Sonos control path, identical on S1 and S2 firmware (SoCo services.py): a protocol constant, not deployment configuration; making it configurable would only allow breaking every speaker. Declared per field.
AaDKnB5nHkjsOnJ6opJl	java:S1075	CODE_SMELL	MINOR	src/main/java/dev/andre/homecontrol/adapters/sonos/protocol/SonosEndpoints.java	16	ACCEPTED	in-code	Fixed Sonos control path, identical on S1 and S2 firmware (SoCo services.py): a protocol constant, not deployment configuration; making it configurable would only allow breaking every speaker. Declared per field.
AaDKnCEsHkjsOnJ6opLz	java:S1452	CODE_SMELL	CRITICAL	src/main/java/dev/andre/homecontrol/web/ContentController.java	59	ACCEPTED	in-code	GET rail answers the rail JSON (200/202) or a UTF-8 text/plain reason the browser shows as is (404 unknown source/rail, 502 failed rail); ResponseEntity<?> states exactly that, and routing four differently typed error bodies through new exception types would only narrow the generic. Declared on the method.
AaDKnCEsHkjsOnJ6opL0	java:S1452	CODE_SMELL	CRITICAL	src/main/java/dev/andre/homecontrol/web/ContentController.java	70	ACCEPTED	in-code	POST refresh: rail JSON (202) or the same text/plain 404; same reason as the rail endpoint. Declared on the method.
AaDKnCEsHkjsOnJ6opL1	java:S1452	CODE_SMELL	CRITICAL	src/main/java/dev/andre/homecontrol/web/ContentController.java	97	ACCEPTED	in-code	GET search: SearchResponse JSON or a text/plain 400 (query length) / 404 (unknown source, from an IllegalArgumentException that elsewhere would mean 400); same reason. Declared on the method.
AaDKnCEsHkjsOnJ6opL2	java:S1452	CODE_SMELL	CRITICAL	src/main/java/dev/andre/homecontrol/web/ContentController.java	107	ACCEPTED	in-code	POST search: same bodies as GET search. Declared on the method.
AaDKnBuyHkjsOnJ6opGE	java:S2094	CODE_SMELL	MINOR	src/main/java/dev/andre/homecontrol/content/SourcePreferencesChangedEvent.java	4	ACCEPTED	in-code	Spring application event matched by type alone; every listener (RailCache, TMDB) re-reads the stored preferences, so it carries no data, and it must be instantiable to be published. Declared on the record.
AaDKnB7XHkjsOnJ6opKD	java:S2143	CODE_SMELL	INFO	src/main/java/dev/andre/homecontrol/adapters/androidtv/protocol/ClientCertificate.java		ACCEPTED	sonarcloud	BouncyCastle 1.86's JcaX509v3CertificateBuilder (and its Time type) only accept java.util.Date (checked with javap); the code already uses Instant/Duration and converts with Date.from only at that call, now commented. Rewriting RFC 5280 UTCTime/GeneralizedTime encoding by hand would be riskier. File-level issue (no line), which @SuppressWarnings cannot scope: coordinator to resolve in Sonar.
AaDKnCb9HkjsOnJ6opRA	java:S2925	CODE_SMELL	MAJOR	src/test/java/dev/andre/homecontrol/adapters/bluetooth/bluez/FakeBluezClient.java	267	ACCEPTED	in-code	Sleep is the simulated duration of a BlueZ operation configured via delay(operation, d); narrow @SuppressWarnings on the private sleep helper with reason.
AaDKnCZvHkjsOnJ6opQb	java:S2925	CODE_SMELL	MAJOR	src/test/java/dev/andre/homecontrol/adapters/bluetooth/player/FakeMpv.java	436	ACCEPTED	in-code	FAKE_MPV_IGNORE_TERM shutdown hook deliberately hangs the fake mpv process (only SIGKILL ends it); sleep moved into stall() with narrow @SuppressWarnings and reason.
AaDKnCZvHkjsOnJ6opQe	java:S2925	CODE_SMELL	MAJOR	src/test/java/dev/andre/homecontrol/adapters/bluetooth/player/FakeMpv.java	441	ACCEPTED	in-code	FAKE_MPV_START_DELAY_MS simulates a slow-starting mpv process (fake process's own lifetime); uses the same suppressed stall() helper.
AaDKnCaaHkjsOnJ6opQj	java:S2925	CODE_SMELL	MAJOR	src/test/java/dev/andre/homecontrol/adapters/bluetooth/player/InProcessMpvLauncher.java	41	ACCEPTED	in-code	startDelay simulates a slowly starting mpv; sleep moved into simulateLatency() with narrow @SuppressWarnings and reason.
AaDKnCaaHkjsOnJ6opQl	java:S2925	CODE_SMELL	MAJOR	src/test/java/dev/andre/homecontrol/adapters/bluetooth/player/InProcessMpvLauncher.java	59	ACCEPTED	in-code	50 ms simulates OS exit-detection latency so end-file is dispatched before the fake process exits; same suppressed simulateLatency() helper.
AaDKnCciHkjsOnJ6opRF	java:S2925	CODE_SMELL	MAJOR	src/test/java/dev/andre/homecontrol/adapters/upnp/FakeUpnpRenderer.java	291	ACCEPTED	in-code	delayAnswers() makes the fake a slow renderer, which is the behaviour under test; sleep moved into answersAfter() with narrow @SuppressWarnings and reason.
AaDKnCdEHkjsOnJ6opRK	java:S2925	CODE_SMELL	MAJOR	src/test/java/dev/andre/homecontrol/adapters/upnp/protocol/SoapClientTest.java	60	ACCEPTED	in-code	The fake control endpoint answering after delayMillis is the behaviour under test (client timeout); sleep moved into answerSlowly() with narrow @SuppressWarnings and reason.
AaDKnCsqHkjsOnJ6opVO	java:S2925	CODE_SMELL	MAJOR	src/test/java/dev/andre/homecontrol/content/SearchServiceTest.java	102	ACCEPTED	in-code	StubSource sleep simulates source latency, which is what the parallel-query and per-source timeout tests measure; @SuppressWarnings on the sleep helper.
AaDKnCqTHkjsOnJ6opUV	java:S2925	CODE_SMELL	MAJOR	src/test/java/dev/andre/homecontrol/discovery/ssdp/DeviceFetchTest.java	58	ACCEPTED	in-code	The /trickle fake device drips bytes on purpose to hit the fetch deadline; handler extracted to trickle() with @SuppressWarnings.
AaDKnCR6HkjsOnJ6opOD	java:S2925	CODE_SMELL	MAJOR	src/test/java/dev/andre/homecontrol/sources/sports/calendar/FakeCalendarServer.java	111	ACCEPTED	in-code	delay() makes the fake calendar answer late so timeout tests can run; sleep moved to simulateLatency() with @SuppressWarnings.
AaDKnCS6HkjsOnJ6opOW	java:S2925	CODE_SMELL	MAJOR	src/test/java/dev/andre/homecontrol/sources/sports/thesportsdb/FakeTheSportsDbServer.java	139	ACCEPTED	in-code	delay() makes the fake TheSportsDB answer late so timeout tests can run; sleep moved to simulateLatency() with @SuppressWarnings.
AaDKnCVtHkjsOnJ6opO4	java:S2925	CODE_SMELL	MAJOR	src/test/java/dev/andre/homecontrol/sources/tmdb/FakeTmdbServer.java	154	ACCEPTED	in-code	delay() makes the fake TMDB answer late so timeout tests can run; sleep moved to simulateLatency() with @SuppressWarnings.
AaDKnB3wHkjsOnJ6opIx	java:S4830	VULNERABILITY	CRITICAL	src/main/java/dev/andre/homecontrol/adapters/cast/protocol/CastTls.java	53	ACCEPTED	in-code	Owner decision: Cast receivers only present self-signed device certificates; per docs/superpowers/specs/2026-09-16-cast-sender-adr.md the sender trusts any receiver certificate (no client certificate, no pinning on port 8009). Declared on the TRUST_RECEIVER field; trust unchanged.
AaDKnB3wHkjsOnJ6opIy	java:S4830	VULNERABILITY	CRITICAL	src/main/java/dev/andre/homecontrol/adapters/cast/protocol/CastTls.java	58	ACCEPTED	in-code	Owner decision: Cast receivers only present self-signed device certificates; per docs/superpowers/specs/2026-09-16-cast-sender-adr.md the sender trusts any receiver certificate (no client certificate, no pinning on port 8009). Declared on the TRUST_RECEIVER field; trust unchanged.
AaDKnB3wHkjsOnJ6opIz	java:S4830	VULNERABILITY	CRITICAL	src/main/java/dev/andre/homecontrol/adapters/cast/protocol/CastTls.java	63	ACCEPTED	in-code	Owner decision: Cast receivers only present self-signed device certificates; per docs/superpowers/specs/2026-09-16-cast-sender-adr.md the sender trusts any receiver certificate (no client certificate, no pinning on port 8009). Declared on the TRUST_RECEIVER field; trust unchanged.
AaDKnB3wHkjsOnJ6opI0	java:S4830	VULNERABILITY	CRITICAL	src/main/java/dev/andre/homecontrol/adapters/cast/protocol/CastTls.java	68	ACCEPTED	in-code	Owner decision: Cast receivers only present self-signed device certificates; per docs/superpowers/specs/2026-09-16-cast-sender-adr.md the sender trusts any receiver certificate (no client certificate, no pinning on port 8009). Declared on the TRUST_RECEIVER field; trust unchanged.
AaDKnB3wHkjsOnJ6opI1	java:S4830	VULNERABILITY	CRITICAL	src/main/java/dev/andre/homecontrol/adapters/cast/protocol/CastTls.java	73	ACCEPTED	in-code	Owner decision: Cast receivers only present self-signed device certificates; per docs/superpowers/specs/2026-09-16-cast-sender-adr.md the sender trusts any receiver certificate (no client certificate, no pinning on port 8009). Declared on the TRUST_RECEIVER field; trust unchanged.
AaDKnB3wHkjsOnJ6opI2	java:S4830	VULNERABILITY	CRITICAL	src/main/java/dev/andre/homecontrol/adapters/cast/protocol/CastTls.java	78	ACCEPTED	in-code	Owner decision: Cast receivers only present self-signed device certificates; per docs/superpowers/specs/2026-09-16-cast-sender-adr.md the sender trusts any receiver certificate (no client certificate, no pinning on port 8009). Declared on the TRUST_RECEIVER field; trust unchanged.
AaDKnB_bHkjsOnJ6opLK	java:S4830	VULNERABILITY	CRITICAL	src/main/java/dev/andre/homecontrol/adapters/net/InsecureTls.java	44	ACCEPTED	in-code	Owner decision: used only by TizenAdapter/TizenPairing (remote-control WebSocket wss:8002; REST 8001 and DIAL 8080 are plain http) and WebOsAdapter/WebOsPairing (SSAP wss:3001 fallback and pointer socket); those TVs serve self-signed certificates for names that are not their IP and none of these connections pins a certificate (only the TV authenticates us, by token/client key). The Shield never uses this class: TlsSockets.PAIRING_TRUST only checks the RSA key during pairing (identity comes from the on-screen code) and every later session pins the stored SHA-256 fingerprint. Declared on the AcceptAny trust manager class; trust unchanged.
AaDKnB_bHkjsOnJ6opLL	java:S4830	VULNERABILITY	CRITICAL	src/main/java/dev/andre/homecontrol/adapters/net/InsecureTls.java	49	ACCEPTED	in-code	Owner decision: used only by TizenAdapter/TizenPairing (remote-control WebSocket wss:8002; REST 8001 and DIAL 8080 are plain http) and WebOsAdapter/WebOsPairing (SSAP wss:3001 fallback and pointer socket); those TVs serve self-signed certificates for names that are not their IP and none of these connections pins a certificate (only the TV authenticates us, by token/client key). The Shield never uses this class: TlsSockets.PAIRING_TRUST only checks the RSA key during pairing (identity comes from the on-screen code) and every later session pins the stored SHA-256 fingerprint. Declared on the AcceptAny trust manager class; trust unchanged.
AaDKnB_bHkjsOnJ6opLM	java:S4830	VULNERABILITY	CRITICAL	src/main/java/dev/andre/homecontrol/adapters/net/InsecureTls.java	54	ACCEPTED	in-code	Owner decision: used only by TizenAdapter/TizenPairing (remote-control WebSocket wss:8002; REST 8001 and DIAL 8080 are plain http) and WebOsAdapter/WebOsPairing (SSAP wss:3001 fallback and pointer socket); those TVs serve self-signed certificates for names that are not their IP and none of these connections pins a certificate (only the TV authenticates us, by token/client key). The Shield never uses this class: TlsSockets.PAIRING_TRUST only checks the RSA key during pairing (identity comes from the on-screen code) and every later session pins the stored SHA-256 fingerprint. Declared on the AcceptAny trust manager class; trust unchanged.
AaDKnB_bHkjsOnJ6opLN	java:S4830	VULNERABILITY	CRITICAL	src/main/java/dev/andre/homecontrol/adapters/net/InsecureTls.java	59	ACCEPTED	in-code	Owner decision: used only by TizenAdapter/TizenPairing (remote-control WebSocket wss:8002; REST 8001 and DIAL 8080 are plain http) and WebOsAdapter/WebOsPairing (SSAP wss:3001 fallback and pointer socket); those TVs serve self-signed certificates for names that are not their IP and none of these connections pins a certificate (only the TV authenticates us, by token/client key). The Shield never uses this class: TlsSockets.PAIRING_TRUST only checks the RSA key during pairing (identity comes from the on-screen code) and every later session pins the stored SHA-256 fingerprint. Declared on the AcceptAny trust manager class; trust unchanged.
AaDKnB_bHkjsOnJ6opLO	java:S4830	VULNERABILITY	CRITICAL	src/main/java/dev/andre/homecontrol/adapters/net/InsecureTls.java	64	ACCEPTED	in-code	Owner decision: used only by TizenAdapter/TizenPairing (remote-control WebSocket wss:8002; REST 8001 and DIAL 8080 are plain http) and WebOsAdapter/WebOsPairing (SSAP wss:3001 fallback and pointer socket); those TVs serve self-signed certificates for names that are not their IP and none of these connections pins a certificate (only the TV authenticates us, by token/client key). The Shield never uses this class: TlsSockets.PAIRING_TRUST only checks the RSA key during pairing (identity comes from the on-screen code) and every later session pins the stored SHA-256 fingerprint. Declared on the AcceptAny trust manager class; trust unchanged.
AaDKnB_bHkjsOnJ6opLP	java:S4830	VULNERABILITY	CRITICAL	src/main/java/dev/andre/homecontrol/adapters/net/InsecureTls.java	69	ACCEPTED	in-code	Owner decision: used only by TizenAdapter/TizenPairing (remote-control WebSocket wss:8002; REST 8001 and DIAL 8080 are plain http) and WebOsAdapter/WebOsPairing (SSAP wss:3001 fallback and pointer socket); those TVs serve self-signed certificates for names that are not their IP and none of these connections pins a certificate (only the TV authenticates us, by token/client key). The Shield never uses this class: TlsSockets.PAIRING_TRUST only checks the RSA key during pairing (identity comes from the on-screen code) and every later session pins the stored SHA-256 fingerprint. Declared on the AcceptAny trust manager class; trust unchanged.
AaDKnCpSHkjsOnJ6opUE	java:S5961	CODE_SMELL	MAJOR	src/test/java/dev/andre/homecontrol/web/BluetoothSpeakerEndToEndTest.java	152	ACCEPTED	in-code	One end-to-end user journey whose steps build on the previous step's state; splitting would repeat the setup per step. @SuppressWarnings on the method.
AaDKnCnDHkjsOnJ6opTt	java:S5961	CODE_SMELL	MAJOR	src/test/java/dev/andre/homecontrol/web/JellyfinEndToEndTest.java	105	ACCEPTED	in-code	One end-to-end user journey whose steps build on the previous step's state; splitting would repeat the setup per step. @SuppressWarnings on the method.
AaDKnCmbHkjsOnJ6opTn	java:S5961	CODE_SMELL	MAJOR	src/test/java/dev/andre/homecontrol/web/SpeakersEndToEndTest.java	144	ACCEPTED	in-code	One end-to-end user journey whose steps build on the previous step's state; splitting would repeat the setup per step. @SuppressWarnings on the method.
AaDKnCoaHkjsOnJ6opT0	java:S5961	CODE_SMELL	MAJOR	src/test/java/dev/andre/homecontrol/web/SportsEndToEndTest.java	170	ACCEPTED	in-code	One end-to-end user journey whose steps build on the previous step's state; splitting would repeat the setup per step. @SuppressWarnings on the method.
AaDKnCpDHkjsOnJ6opT-	java:S5961	CODE_SMELL	MAJOR	src/test/java/dev/andre/homecontrol/web/StreamingLaunchersEndToEndTest.java	139	ACCEPTED	in-code	One end-to-end user journey whose steps build on the previous step's state; splitting would repeat the setup per step. @SuppressWarnings on the method.
AaDKnCoCHkjsOnJ6opTy	java:S5961	CODE_SMELL	MAJOR	src/test/java/dev/andre/homecontrol/web/TizenEndToEndTest.java	139	ACCEPTED	in-code	One end-to-end user journey whose steps build on the previous step's state; splitting would repeat the setup per step. @SuppressWarnings on the method.
AaDKnCnOHkjsOnJ6opTu	java:S5961	CODE_SMELL	MAJOR	src/test/java/dev/andre/homecontrol/web/WebOsEndToEndTest.java	144	ACCEPTED	in-code	One end-to-end user journey whose steps build on the previous step's state; splitting would repeat the setup per step. @SuppressWarnings on the method.
AaDKnCncHkjsOnJ6opTv	java:S5961	CODE_SMELL	MAJOR	src/test/java/dev/andre/homecontrol/web/YouTubeBrowserOAuthTest.java	108	ACCEPTED	in-code	One end-to-end user journey whose steps build on the previous step's state; splitting would repeat the setup per step. @SuppressWarnings on the method.
AaDKnCmnHkjsOnJ6opTp	java:S5961	CODE_SMELL	MAJOR	src/test/java/dev/andre/homecontrol/web/YouTubeEndToEndTest.java	163	ACCEPTED	in-code	One end-to-end user journey whose steps build on the previous step's state; splitting would repeat the setup per step. @SuppressWarnings on the method.
AaDKnB8BHkjsOnJ6opKH	javasecurity:S5144	VULNERABILITY	MAJOR	src/main/java/dev/andre/homecontrol/adapters/androidtv/protocol/TlsSockets.java	80	ACCEPTED	sonarcloud	Chain: POST /setup/pair (SetupController.pair host param) -> PairingService.begin -> PairingSession.start -> TlsSockets.connect on the fixed pairing port 6467. Every request passes CrossOriginFilter (Host allowlist + cross-origin refusal) and LoginGateFilter, which requires an authenticated session once the household login exists (before a login is created the whole app is deliberately open on the LAN for first setup). The host is the device address the user types; any LAN address incl. global IPv6 is deliberate input. No code change; coordinator declares in Sonar config.
AaDKnCuhHkjsOnJ6opVs	kotlin:S6474	VULNERABILITY	MINOR	(project)		ACCEPTED	sonarcloud	Dependabot cannot update gradle/verification-metadata.xml (dependabot-core #1996), so every weekly dependency PR would fail verification; dependencies are exact-pinned from Maven Central over HTTPS.
AaDKnCt2HkjsOnJ6opVc	text:S8569	VULNERABILITY	MAJOR	build.gradle.kts		ACCEPTED	sonarcloud	Resolved graph has no dynamic versions or ranges (verified with 'gradle dependencies'): every direct version is exact or BOM-managed, so a lockfile would duplicate what is already deterministic. Revisit if a range or dynamic version is ever added.
AaDKnCOhHkjsOnJ6opNb	Web:S6845	CODE_SMELL	MAJOR	src/main/resources/templates/dashboard.html	88	FALSE_POSITIVE	sonarcloud	role=application touchpad is an interactive widget: keydown maps arrows/Enter/Space to D-pad keys (touchpad.js), so it needs its tab stop.
AaDKnCMhHkjsOnJ6opNK	css:S7924	CODE_SMELL	MAJOR	src/main/resources/static/app.css	65	FALSE_POSITIVE	sonarcloud	Analyzer ignores translucency/gradients: actual contrast is ~9:1 (#aabd9d icon over 4% tint on #182320; decorative SVG) and ~6.6:1 (#d5e7bb over the #3e5140 tile art gradient).
AaDKnCMhHkjsOnJ6opNL	css:S7924	CODE_SMELL	MAJOR	src/main/resources/static/app.css	100	FALSE_POSITIVE	sonarcloud	Analyzer ignores translucency/gradients: actual contrast is ~9:1 (#aabd9d icon over 4% tint on #182320; decorative SVG) and ~6.6:1 (#d5e7bb over the #3e5140 tile art gradient).
AaDKnCteHkjsOnJ6opVR	docker:S6595	CODE_SMELL	MAJOR	scripts/e2e.Dockerfile	21	FALSE_POSITIVE	sonarcloud	apt-get update and the install run in the same RUN; the install is performed by 'playwright install --with-deps', which the analyzer cannot see.
AaDKnBfuHkjsOnJ6opC1	java:S1075	CODE_SMELL	MINOR	src/main/java/dev/andre/homecontrol/sources/jellyfin/JellyfinItemMapper.java	18	FALSE_POSITIVE	in-code	IMAGE_PATH is this app's own same-origin image proxy route used to build artwork links, not an environment-specific location that could be configured. Declared on the constant.
AaDKnBh-HkjsOnJ6opDW	java:S1075	CODE_SMELL	MINOR	src/main/java/dev/andre/homecontrol/sources/youtube/YouTubeOAuthCallback.java	10	FALSE_POSITIVE	in-code	YouTubeOAuthCallback.PATH is this app's own route: the @GetMapping value (must be a compile-time constant) and the redirect target it serves, built from the request's own origin. Declared on the constant.
AaDKnB85HkjsOnJ6opKJ	java:S3077	BUG	MINOR	src/main/java/dev/andre/homecontrol/adapters/androidtv/AndroidTvSession.java	61	FALSE_POSITIVE	in-code	connection: a self-synchronized RemoteConnection (synchronized, idempotent close) written only on the single shield-session scheduler thread (connect, handleDisconnect); request threads and close() only read one snapshot, and the documented closed/connection volatile handshake makes connect() close a connection close() missed.
AaDKnB85HkjsOnJ6opKK	java:S3077	BUG	MINOR	src/main/java/dev/andre/homecontrol/adapters/androidtv/AndroidTvSession.java	62	FALSE_POSITIVE	in-code	state: immutable DeviceState; every state.withX() read-modify-write runs on the single scheduler thread (connect, handleReady/handleDisconnect, and all RemoteListener callbacks marshalled through runOnScheduler); request threads only read.
AaDKnB0ZHkjsOnJ6opHr	java:S3077	BUG	MINOR	src/main/java/dev/andre/homecontrol/adapters/bluetooth/BluetoothPairingService.java	43	FALSE_POSITIVE	in-code	lastScan: immutable BluetoothScan record (List.copyOf) stored by plain assignment at the end of scan() on HTTP request threads; lastScan() only reads; concurrent scans each publish a complete result, no read-modify-write.
AaDKnB0AHkjsOnJ6opHf	java:S3077	BUG	MINOR	src/main/java/dev/andre/homecontrol/adapters/bluetooth/BluetoothSpeakerSession.java	53	FALSE_POSITIVE	in-code	state: immutable DeviceState read-modified-written only by readState()/publish() on the session's single virtual loop thread (poll, pollNow); request threads only read state().
AaDKnBzDHkjsOnJ6opHL	java:S3077	BUG	MINOR	src/main/java/dev/andre/homecontrol/adapters/bluetooth/player/MpvPlayer.java	49	FALSE_POSITIVE	in-code	running: every write (play, stop, stopIfCurrent) holds the player's monitor; active()/status()/require() take one lock-free snapshot of the immutable Running record, and status() only tears it down through synchronized stopIfCurrent.
AaDKnB4vHkjsOnJ6opI_	java:S3077	BUG	MINOR	src/main/java/dev/andre/homecontrol/adapters/cast/CastSession.java	65	FALSE_POSITIVE	in-code	connection: self-synchronized CastConnection (synchronized, idempotent close) written only on the cast-session scheduler thread (connect, Link.handleDisconnect); command threads and close() read one snapshot; closed/connection volatile handshake covers connect vs close.
AaDKnB4vHkjsOnJ6opJA	java:S3077	BUG	MINOR	src/main/java/dev/andre/homecontrol/adapters/cast/CastSession.java	68	FALSE_POSITIVE	in-code	state: immutable DeviceState; every update(state.withX()) runs on the scheduler thread (connect and all Link callbacks via runOnScheduler); command threads only read.
AaDKnB4vHkjsOnJ6opJB	java:S3077	BUG	MINOR	src/main/java/dev/andre/homecontrol/adapters/cast/CastSession.java	69	FALSE_POSITIVE	in-code	receiver: immutable ReceiverStatus (List.copyOf) replaced wholesale on the scheduler thread; command threads (stop, load, customMessage, query) read a snapshot.
AaDKnB6JHkjsOnJ6opJq	java:S3077	BUG	MINOR	src/main/java/dev/andre/homecontrol/adapters/sonos/SonosSession.java	72	FALSE_POSITIVE	in-code	topology: immutable ZoneGroupState (List.copyOf) replaced wholesale by readTopology() from the poll loop and from grouping command threads; never modified in place, both writers store a fresh complete read.
AaDKnB6JHkjsOnJ6opJr	java:S3077	BUG	MINOR	src/main/java/dev/andre/homecontrol/adapters/sonos/SonosSession.java	74	FALSE_POSITIVE	in-code	sink: immutable ProtocolInfo written on the poll loop thread in Link.connect; command threads only read it.
AaDKnB6JHkjsOnJ6opJt	java:S3077	BUG	MINOR	src/main/java/dev/andre/homecontrol/adapters/sonos/SonosSession.java	76	FALSE_POSITIVE	in-code	lastPlayed: immutable PlayedItem stored by the command thread that played it; the poll loop only reads it.
AaDKnB6JHkjsOnJ6opJu	java:S3077	BUG	MINOR	src/main/java/dev/andre/homecontrol/adapters/sonos/SonosSession.java	77	FALSE_POSITIVE	in-code	state: immutable DeviceState; its only writer is Link.publish on the poll loop thread (readState, disconnected); request threads only read.
AaDKnB2lHkjsOnJ6opIe	java:S3077	BUG	MINOR	src/main/java/dev/andre/homecontrol/adapters/tizen/TizenRemoteConnection.java	38	FALSE_POSITIVE	in-code	installedApps (now in the Channel listener): immutable List.copyOf replaced wholesale by the HTTP client's listener thread; the Tizen session's threads only read it.
AaDKnB2SHkjsOnJ6opIC	java:S3077	BUG	MINOR	src/main/java/dev/andre/homecontrol/adapters/tizen/TizenSession.java	69	FALSE_POSITIVE	in-code	state: immutable DeviceState; every read-modify-write happens inside the synchronized update(UnaryOperator) (scheduler thread and togglePower on request threads); state() reads lock-free.
AaDKnBv4HkjsOnJ6opGN	java:S3077	BUG	MINOR	src/main/java/dev/andre/homecontrol/adapters/upnp/UpnpSession.java	58	FALSE_POSITIVE	in-code	endpoints: immutable Endpoints record stored whole by the poll loop (Link.connect/disconnected) and nulled by close() after the poller is shut down; plain stores only, no read-modify-write; command threads read one snapshot.
AaDKnBv4HkjsOnJ6opGP	java:S3077	BUG	MINOR	src/main/java/dev/andre/homecontrol/adapters/upnp/UpnpSession.java	60	FALSE_POSITIVE	in-code	lastPlayed: immutable PlayedItem stored by the command thread that played it; the poll loop only reads it.
AaDKnBv4HkjsOnJ6opGQ	java:S3077	BUG	MINOR	src/main/java/dev/andre/homecontrol/adapters/upnp/UpnpSession.java	61	FALSE_POSITIVE	in-code	state: immutable DeviceState; its only writer is Link.publish on the poll loop thread; request threads only read.
AaDKnB9eHkjsOnJ6opKc	java:S3077	BUG	MINOR	src/main/java/dev/andre/homecontrol/adapters/webos/SsapConnection.java	47	FALSE_POSITIVE	in-code	socket: assigned only inside open() (plain port, then TLS fallback) before the connection is returned to any other thread; TextWebSocket synchronizes its own send and close; the listener threads never read it.
AaDKnB-zHkjsOnJ6opKo	java:S3077	BUG	MINOR	src/main/java/dev/andre/homecontrol/adapters/webos/WebOsSession.java	69	FALSE_POSITIVE	in-code	state: immutable DeviceState; every read-modify-write happens inside the synchronized update(UnaryOperator) (scheduler thread, subscription callbacks on HTTP client threads, togglePower on request threads); state() reads lock-free.
AaDKnB-zHkjsOnJ6opKp	java:S3077	BUG	MINOR	src/main/java/dev/andre/homecontrol/adapters/webos/WebOsSession.java	70	FALSE_POSITIVE	in-code	inputs: immutable List.copyOf replaced wholesale on the scheduler thread (loadInputs, lost); request threads only read inputs().
AaDKnBvKHkjsOnJ6opGG	java:S3077	BUG	MINOR	src/main/java/dev/andre/homecontrol/content/RailCache.java	50	FALSE_POSITIVE	in-code	RailCache.ticker is assigned once in start() and only read (into a local, never read-modify-written) in stop(), both on Spring's lifecycle thread(s); the executor is thread-safe and volatile only publishes the reference. Declared with @SuppressWarnings on the field.
AaDKnCKBHkjsOnJ6opMx	java:S3077	BUG	MINOR	src/main/java/dev/andre/homecontrol/discovery/ssdp/SsdpDiscovery.java	53	FALSE_POSITIVE	in-code	SsdpDiscovery.searchSocket is assigned once in start() (Spring init thread) and never replaced; read by the ssdp-search scheduler thread, and close() on the shutdown thread; DatagramSocket is thread-safe, volatile only publishes it.
AaDKnCKBHkjsOnJ6opMy	java:S3077	BUG	MINOR	src/main/java/dev/andre/homecontrol/discovery/ssdp/SsdpDiscovery.java	54	FALSE_POSITIVE	in-code	SsdpDiscovery.notifySocket: assigned once in start(), read by listenPort() (request threads) and close(); MulticastSocket is thread-safe, no read-modify-write.
AaDKnCKBHkjsOnJ6opMz	java:S3077	BUG	MINOR	src/main/java/dev/andre/homecontrol/discovery/ssdp/SsdpDiscovery.java	55	FALSE_POSITIVE	in-code	SsdpDiscovery.scheduler: assigned once in start(), never replaced or nulled; watch() (any thread) and close() only read it; ScheduledExecutorService is thread-safe.
AaDKnBqFHkjsOnJ6opFR	java:S3077	BUG	MINOR	src/main/java/dev/andre/homecontrol/sources/sports/SportsSettingsService.java	14	FALSE_POSITIVE	in-code	cached holds an immutable SportsSettings record; every write (lazy load in current(), update()) and update()'s read-modify-write run under `lock`; lock-free readers (HTTP request threads, rail/schedule refresh threads) only need visibility. Declared on the field.
AaDKnBtOHkjsOnJ6opFx	java:S3077	BUG	MINOR	src/main/java/dev/andre/homecontrol/sources/tmdb/TmdbImages.java	32	FALSE_POSITIVE	in-code	cached holds an immutable Base record replaced wholesale, and the new value comes from TMDB's /configuration response, not the old value. Concurrent poster() callers (rail refresh threads, search/item HTTP request threads) at worst both refresh and the last complete Base wins; nothing is lost. Declared on the field.
AaDKnBdBHkjsOnJ6opCB	java:S3077	BUG	MINOR	src/main/java/dev/andre/homecontrol/sources/workflows/WorkflowHttpClient.java	263	FALSE_POSITIVE	in-code	Operation.worker is set once by the worker thread before it runs the work and only read (into a local) by cancel() on the caller or close() thread to interrupt it; Thread is thread-safe, no read-modify-write.
AaDKnBeVHkjsOnJ6opCn	java:S3077	BUG	MINOR	src/main/java/dev/andre/homecontrol/sources/workflows/WorkflowStore.java	39	FALSE_POSITIVE	in-code	WorkflowStore.snapshot is an immutable record (Map.copyOf/Set.copyOf) replaced wholesale; every read-modify-write happens under the `writes` ReentrantLock; request threads and ifCurrent() only read it.
AaDKnCpDHkjsOnJ6opUB	java:S3415	CODE_SMELL	MAJOR	src/test/java/dev/andre/homecontrol/web/StreamingLaunchersEndToEndTest.java	258	FALSE_POSITIVE	in-code	browserBodies is the recorded actual value (a static final list filled by send()); the rule mistakes it for an expected constant, and noneMatch takes a predicate, so nothing to swap. Declared on the small assertion helper that holds it.
AaDev7PZxjvAjhH7pH09	java:S3516	CODE_SMELL	BLOCKER	src/main/java/dev/andre/homecontrol/sources/pinned/PinnedSetupController.java	62	FALSE_POSITIVE	in-code	Post/redirect/get: every handler of PinnedSetupController returns the same redirect view by design (the others are only unflagged because they have a single return). void would render a view named after the URL and RedirectView would diverge from every other controller; hiding the early return would only dodge the detector. Declared on the method.
AaDKnCOTHkjsOnJ6opNY	javascript:S6859	CODE_SMELL	CRITICAL	src/main/resources/templates/setup.html	300	FALSE_POSITIVE	sonarcloud	Inline browser module script: '/js/pwa.js' is a root-relative URL, not a filesystem path; a relative specifier would break under /setup/*.
AaDKnCNPHkjsOnJ6opNV	Web:PageWithoutTitleCheck	BUG	MAJOR	src/main/resources/templates/fragments/bluetooth-setup.html	2	FIXED	-	Fragment file carried an html/body wrapper without a title; removed it like the sibling fragments (Thymeleaf inserts only the fragment).
AaDKnCM1HkjsOnJ6opNP	Web:PageWithoutTitleCheck	BUG	MAJOR	src/main/resources/templates/fragments/rails.html	2	FIXED	-	Fragment file carried an html/body wrapper without a title; removed it like the sibling fragments (Thymeleaf inserts only the fragment).
AaDKnCNDHkjsOnJ6opNU	Web:PageWithoutTitleCheck	BUG	MAJOR	src/main/resources/templates/fragments/search.html	2	FIXED	-	Fragment file carried an html/body wrapper without a title; removed it like the sibling fragments (Thymeleaf inserts only the fragment).
AaDKnCOhHkjsOnJ6opNc	Web:S6807	CODE_SMELL	MAJOR	src/main/resources/templates/dashboard.html	205	FIXED	-	aria-checked was only set via th:attr; added a static aria-checked="false" prototype value that th:attr replaces.
AaDev8GuxjvAjhH7pH1J	css:S4666	CODE_SMELL	MAJOR	src/main/resources/static/app.css	90	FIXED	-	Merged the duplicated .tiles rule into the first one.
AaDKnCteHkjsOnJ6opVS	docker:S6506	VULNERABILITY	MAJOR	scripts/e2e.Dockerfile	16	FIXED	-	curl now uses --proto =https --proto-redir =https.
AaDKnCteHkjsOnJ6opVT	docker:S6506	VULNERABILITY	MAJOR	scripts/e2e.Dockerfile	17	FIXED	-	curl now uses --proto =https --proto-redir =https.
AaDKnBmMHkjsOnJ6opES	java:S107	CODE_SMELL	MAJOR	src/main/java/dev/andre/homecontrol/sources/sports/ics/IcsOccurrences.java	122	FIXED	-	windowStart/windowEnd are one private Window record, so Expansion takes 7 parameters.
AaDKnBloHkjsOnJ6opEH	java:S108	CODE_SMELL	MAJOR	src/main/java/dev/andre/homecontrol/sources/sports/ics/IcsParser.java	208	FIXED	-	The empty default branch now carries a comment saying other properties are outside the subset.
AaDKnBj1HkjsOnJ6opDr	java:S108	CODE_SMELL	MAJOR	src/main/java/dev/andre/homecontrol/sources/youtube/LoungeClient.java	158	FIXED	-	The empty default arm says why it is empty.
AaDKnCZvHkjsOnJ6opQQ	java:S108	CODE_SMELL	MAJOR	src/test/java/dev/andre/homecontrol/adapters/bluetooth/player/FakeMpv.java	168	FIXED	-	Empty catch on server.close() in close() now explains shutdown proceeds anyway.
AaDKnCZvHkjsOnJ6opQS	java:S108	CODE_SMELL	MAJOR	src/test/java/dev/andre/homecontrol/adapters/bluetooth/player/FakeMpv.java	173	FIXED	-	Empty catch on client.close() now explains the client is already gone.
AaDKnCZvHkjsOnJ6opQU	java:S108	CODE_SMELL	MAJOR	src/test/java/dev/andre/homecontrol/adapters/bluetooth/player/FakeMpv.java	178	FIXED	-	Empty catch on deleting the socket file now explains it lives in the test's temp directory.
AaDKnCZvHkjsOnJ6opQd	java:S108	CODE_SMELL	MAJOR	src/test/java/dev/andre/homecontrol/adapters/bluetooth/player/FakeMpv.java	437	FIXED	-	Empty catch in the shutdown hook now restores the interrupt flag.
AaDKnCZvHkjsOnJ6opQg	java:S108	CODE_SMELL	MAJOR	src/test/java/dev/andre/homecontrol/adapters/bluetooth/player/FakeMpv.java	462	FIXED	-	Empty catch in appendLine now explains a test reading the log fails on the missing line.
AaDKnCaaHkjsOnJ6opQp	java:S108	CODE_SMELL	MAJOR	src/test/java/dev/andre/homecontrol/adapters/bluetooth/player/InProcessMpvLauncher.java	149	FIXED	-	catch(Exception) split: InterruptedException restores the interrupt flag; Execution/TimeoutException commented (stop waiting like the real launcher's kill timeout).
AaDev8qXxjvAjhH7pH2o	java:S108	CODE_SMELL	MAJOR	src/test/java/dev/andre/homecontrol/adapters/bluetooth/player/MpvIpcTest.java	139	FIXED	-	Empty catch around the silent server's accept() now explains it only fires when the test closes the server.
AaDev8qXxjvAjhH7pH2p	java:S108	CODE_SMELL	MAJOR	src/test/java/dev/andre/homecontrol/adapters/bluetooth/player/MpvIpcTest.java	198	FIXED	-	Empty catch around accept() now explains accepted[0] stays null so the following await fails the test.
AaDKnCd_HkjsOnJ6opRe	java:S108	CODE_SMELL	MAJOR	src/test/java/dev/andre/homecontrol/adapters/tizen/FakeTizenServer.java	172	FIXED	-	Empty IGNORE case now explains the fake never answers (Allow prompt pending / booting).
AaDKnCd_HkjsOnJ6opRf	java:S108	CODE_SMELL	MAJOR	src/test/java/dev/andre/homecontrol/adapters/tizen/FakeTizenServer.java	196	FIXED	-	Empty default case now explains other client messages need no answer.
AaDKnCgEHkjsOnJ6opSA	java:S108	CODE_SMELL	MAJOR	src/test/java/dev/andre/homecontrol/adapters/webos/FakeSsapServer.java	165	FIXED	-	Empty IGNORE case now explains the fake never answers the pairing prompt.
AaDKnBwrHkjsOnJ6opGo	java:S112	CODE_SMELL	MAJOR	src/main/java/dev/andre/homecontrol/adapters/upnp/protocol/ReconnectingPoller.java	22	FIXED	-	Link.connect now declares throws IOException, SoapFault, what every implementation throws (Sonos, UPnP, test link); UpnpSession.resolve turns the loop interrupt (only close() interrupts) into an InterruptedIOException with the flag restored; the poller catches IOException | SoapFault | RuntimeException, the same set catch (Exception) caught.
AaDKnBwrHkjsOnJ6opGp	java:S112	CODE_SMELL	MAJOR	src/main/java/dev/andre/homecontrol/adapters/upnp/protocol/ReconnectingPoller.java	24	FIXED	-	Link.poll now declares throws IOException, SoapFault; IOException still means gone, SoapFault | RuntimeException are still logged and polling continues (new ReconnectingPollerTest.runtimeFailuresWhilePollingKeepPolling).
AaDKnBdBHkjsOnJ6opB6	java:S112	CODE_SMELL	MAJOR	src/main/java/dev/andre/homecontrol/sources/workflows/WorkflowHttpClient.java	93	FIXED	-	fetchBody declares IOException (the only checked exception it can throw) instead of Exception.
AaDev9PoxjvAjhH7pH3O	java:S1128	CODE_SMELL	MINOR	src/test/java/dev/andre/homecontrol/discovery/ssdp/SsdpMessageTest.java	10	FIXED	-	Removed the unused java.util.Optional import.
AaDKnChEHkjsOnJ6opSM	java:S1130	CODE_SMELL	MINOR	src/test/java/dev/andre/homecontrol/adapters/androidtv/protocol/CertificateStoreTest.java	30	FIXED	-	Removed the unthrowable 'throws Exception' from persistsAndReloadsTheSameKeyPair.
AaDKnCUiHkjsOnJ6opOr	java:S1130	CODE_SMELL	MINOR	src/test/java/dev/andre/homecontrol/sources/jellyfin/JellyfinFixtureContractTest.java	153	FIXED	-	Dropped throws IOException (Jackson 3 readTree is unchecked) and the import it left unused.
AaDKnCphHkjsOnJ6opUH	java:S1130	CODE_SMELL	MINOR	src/test/java/dev/andre/homecontrol/web/DeviceControllerTest.java	226	FIXED	-	Dropped the unthrowable throws Exception; the MockMvc call sits inside assertThatThrownBy.
AaDKnCphHkjsOnJ6opUI	java:S1130	CODE_SMELL	MINOR	src/test/java/dev/andre/homecontrol/web/DeviceControllerTest.java	343	FIXED	-	Dropped the unthrowable throws Exception; the MockMvc call sits inside assertThatThrownBy.
AaDKnBgtHkjsOnJ6opC8	java:S1141	CODE_SMELL	MAJOR	src/main/java/dev/andre/homecontrol/sources/jellyfin/JellyfinClient.java	278	FIXED	-	The nested JSON-parse try moved into parse().
AaDKnBooHkjsOnJ6opE4	java:S1141	CODE_SMELL	MAJOR	src/main/java/dev/andre/homecontrol/sources/sports/calendar/CalendarFetcher.java	78	FIXED	-	The nested redirect-parse try moved into redirectTarget().
AaDKnBo3HkjsOnJ6opE8	java:S1141	CODE_SMELL	MAJOR	src/main/java/dev/andre/homecontrol/sources/sports/calendar/CalendarSchedule.java	137	FIXED	-	The nested IcsParser try moved into a private parse() helper that maps IcsFormatException to NOT_A_CALENDAR as before.
AaDev88jxjvAjhH7pH2y	java:S117	CODE_SMELL	MINOR	src/test/java/dev/andre/homecontrol/adapters/androidtv/PairingServiceTest.java	157	FIXED	-	Generated local preparedArg157_1 renamed to port (lambda still holds the single throwing call).
AaDev8txxjvAjhH7pH2q	java:S117	CODE_SMELL	MINOR	src/test/java/dev/andre/homecontrol/adapters/bluetooth/player/MpvCommandLineTest.java	28	FIXED	-	Four identical Path.of("/tmp/x.sock") hoists collapsed into one local 'socket'.
AaDev8txxjvAjhH7pH2r	java:S117	CODE_SMELL	MINOR	src/test/java/dev/andre/homecontrol/adapters/bluetooth/player/MpvCommandLineTest.java	31	FIXED	-	Four identical Path.of("/tmp/x.sock") hoists collapsed into one local 'socket'.
AaDev8txxjvAjhH7pH2s	java:S117	CODE_SMELL	MINOR	src/test/java/dev/andre/homecontrol/adapters/bluetooth/player/MpvCommandLineTest.java	34	FIXED	-	Four identical Path.of("/tmp/x.sock") hoists collapsed into one local 'socket'.
AaDev8txxjvAjhH7pH2t	java:S117	CODE_SMELL	MINOR	src/test/java/dev/andre/homecontrol/adapters/bluetooth/player/MpvCommandLineTest.java	37	FIXED	-	Four identical Path.of("/tmp/x.sock") hoists collapsed into one local 'socket'.
AaDev8qXxjvAjhH7pH2m	java:S117	CODE_SMELL	MINOR	src/test/java/dev/andre/homecontrol/adapters/bluetooth/player/MpvIpcTest.java	241	FIXED	-	preparedArg237_0 renamed to timeout.
AaDev8qXxjvAjhH7pH2n	java:S117	CODE_SMELL	MINOR	src/test/java/dev/andre/homecontrol/adapters/bluetooth/player/MpvIpcTest.java	242	FIXED	-	preparedArg237_3 renamed to unsupported.
AaDev9ADxjvAjhH7pH22	java:S117	CODE_SMELL	MINOR	src/test/java/dev/andre/homecontrol/adapters/cast/CastSessionTest.java	344	FIXED	-	preparedArg350_0 renamed to refusedLaunch.
AaDev9ADxjvAjhH7pH23	java:S117	CODE_SMELL	MINOR	src/test/java/dev/andre/homecontrol/adapters/cast/CastSessionTest.java	372	FIXED	-	preparedArg364_0 renamed to offlineLoad.
AaDev9ADxjvAjhH7pH24	java:S117	CODE_SMELL	MINOR	src/test/java/dev/andre/homecontrol/adapters/cast/CastSessionTest.java	498	FIXED	-	preparedArg499_0 renamed to rejectedPlayback.
AaDev9ADxjvAjhH7pH25	java:S117	CODE_SMELL	MINOR	src/test/java/dev/andre/homecontrol/adapters/cast/CastSessionTest.java	524	FIXED	-	preparedArg513_0 renamed to offlinePlayback.
AaDev8-0xjvAjhH7pH2z	java:S117	CODE_SMELL	MINOR	src/test/java/dev/andre/homecontrol/adapters/cast/protocol/CastConnectionTest.java	144	FIXED	-	preparedArg144_1 renamed to port.
AaDev8-0xjvAjhH7pH20	java:S117	CODE_SMELL	MINOR	src/test/java/dev/andre/homecontrol/adapters/cast/protocol/CastConnectionTest.java	145	FIXED	-	Two identical Duration.ofSeconds(3) hoists collapsed into one local 'interval'.
AaDev8-0xjvAjhH7pH21	java:S117	CODE_SMELL	MINOR	src/test/java/dev/andre/homecontrol/adapters/cast/protocol/CastConnectionTest.java	146	FIXED	-	Two identical Duration.ofSeconds(3) hoists collapsed into one local 'interval'.
AaDev8zgxjvAjhH7pH2u	java:S117	CODE_SMELL	MINOR	src/test/java/dev/andre/homecontrol/adapters/upnp/protocol/RendererCommandsTest.java	73	FIXED	-	preparedArg73_1 renamed to audioOnly.
AaDev8zgxjvAjhH7pH2v	java:S117	CODE_SMELL	MINOR	src/test/java/dev/andre/homecontrol/adapters/upnp/protocol/RendererCommandsTest.java	83	FIXED	-	preparedArg82_1 and the identical preparedArg87_1 hoisted once as 'play'.
AaDev8zgxjvAjhH7pH2w	java:S117	CODE_SMELL	MINOR	src/test/java/dev/andre/homecontrol/adapters/upnp/protocol/RendererCommandsTest.java	89	FIXED	-	preparedArg87_1 merged into the single 'play' local of the method.
AaDev8zgxjvAjhH7pH2x	java:S117	CODE_SMELL	MINOR	src/test/java/dev/andre/homecontrol/adapters/upnp/protocol/RendererCommandsTest.java	99	FIXED	-	preparedArg96_1 renamed to play.
AaDev9B_xjvAjhH7pH3C	java:S117	CODE_SMELL	MINOR	src/test/java/dev/andre/homecontrol/core/content/ContentSourcesTest.java	81	FIXED	-	Generated local preparedArg81_0 renamed to a meaningful camelCase name; repeated hoists merged, one throwing call per lambda kept.
AaDev9CoxjvAjhH7pH3D	java:S117	CODE_SMELL	MINOR	src/test/java/dev/andre/homecontrol/core/content/SourcePreferencesTest.java	45	FIXED	-	Generated local preparedArg45_2 renamed to a meaningful camelCase name; repeated hoists merged, one throwing call per lambda kept.
AaDev9CoxjvAjhH7pH3E	java:S117	CODE_SMELL	MINOR	src/test/java/dev/andre/homecontrol/core/content/SourcePreferencesTest.java	64	FIXED	-	Generated local preparedArg62_0 renamed to a meaningful camelCase name; repeated hoists merged, one throwing call per lambda kept.
AaDev9CoxjvAjhH7pH3F	java:S117	CODE_SMELL	MINOR	src/test/java/dev/andre/homecontrol/core/content/SourcePreferencesTest.java	68	FIXED	-	Generated local preparedArg64_0 renamed to a meaningful camelCase name; repeated hoists merged, one throwing call per lambda kept.
AaDev9CoxjvAjhH7pH3G	java:S117	CODE_SMELL	MINOR	src/test/java/dev/andre/homecontrol/core/content/SourcePreferencesTest.java	72	FIXED	-	Generated local preparedArg66_0 renamed to a meaningful camelCase name; repeated hoists merged, one throwing call per lambda kept.
AaDev9QRxjvAjhH7pH3P	java:S117	CODE_SMELL	MINOR	src/test/java/dev/andre/homecontrol/discovery/ssdp/DeviceDescriptionsTest.java	60	FIXED	-	Generated local preparedArg60_1 renamed to a meaningful camelCase name; repeated hoists merged, one throwing call per lambda kept.
AaDev9WuxjvAjhH7pH3g	java:S117	CODE_SMELL	MINOR	src/test/java/dev/andre/homecontrol/playback/PlaybackServiceTest.java	191	FIXED	-	Generated local preparedArg191_0 renamed to a meaningful camelCase name; repeated hoists merged, one throwing call per lambda kept.
AaDev9WuxjvAjhH7pH3h	java:S117	CODE_SMELL	MINOR	src/test/java/dev/andre/homecontrol/playback/PlaybackServiceTest.java	203	FIXED	-	Generated local preparedArg202_0 renamed to a meaningful camelCase name; repeated hoists merged, one throwing call per lambda kept.
AaDev9FIxjvAjhH7pH3J	java:S117	CODE_SMELL	MINOR	src/test/java/dev/andre/homecontrol/security/LoginServiceTest.java	75	FIXED	-	Generated local preparedArg54_0 renamed to a meaningful camelCase name; repeated hoists merged, one throwing call per lambda kept.
AaDev9FIxjvAjhH7pH3K	java:S117	CODE_SMELL	MINOR	src/test/java/dev/andre/homecontrol/security/LoginServiceTest.java	79	FIXED	-	Generated local preparedArg57_0 renamed to a meaningful camelCase name; repeated hoists merged, one throwing call per lambda kept.
AaDev9FIxjvAjhH7pH3L	java:S117	CODE_SMELL	MINOR	src/test/java/dev/andre/homecontrol/security/LoginServiceTest.java	100	FIXED	-	Generated local preparedArg77_0 renamed to a meaningful camelCase name; repeated hoists merged, one throwing call per lambda kept.
AaDev9FIxjvAjhH7pH3M	java:S117	CODE_SMELL	MINOR	src/test/java/dev/andre/homecontrol/security/LoginServiceTest.java	101	FIXED	-	Generated local preparedArg77_3 renamed to a meaningful camelCase name; repeated hoists merged, one throwing call per lambda kept.
AaDev9FIxjvAjhH7pH3N	java:S117	CODE_SMELL	MINOR	src/test/java/dev/andre/homecontrol/security/LoginServiceTest.java	175	FIXED	-	Generated local preparedArg150_3 renamed to a meaningful camelCase name; repeated hoists merged, one throwing call per lambda kept.
AaDev8cPxjvAjhH7pH1e	java:S117	CODE_SMELL	MINOR	src/test/java/dev/andre/homecontrol/sources/jellyfin/JellyfinClientTest.java	57	FIXED	-	Generated local preparedArg57_0 renamed to a meaningful camelCase name; repeated hoists merged, one throwing call per lambda kept.
AaDev8cPxjvAjhH7pH1f	java:S117	CODE_SMELL	MINOR	src/test/java/dev/andre/homecontrol/sources/jellyfin/JellyfinClientTest.java	68	FIXED	-	Generated local preparedArg67_0 renamed to a meaningful camelCase name; repeated hoists merged, one throwing call per lambda kept.
AaDev8cPxjvAjhH7pH1g	java:S117	CODE_SMELL	MINOR	src/test/java/dev/andre/homecontrol/sources/jellyfin/JellyfinClientTest.java	76	FIXED	-	Generated local preparedArg74_0 renamed to a meaningful camelCase name; repeated hoists merged, one throwing call per lambda kept.
AaDev8cPxjvAjhH7pH1h	java:S117	CODE_SMELL	MINOR	src/test/java/dev/andre/homecontrol/sources/jellyfin/JellyfinClientTest.java	87	FIXED	-	Generated local preparedArg84_0 renamed to a meaningful camelCase name; repeated hoists merged, one throwing call per lambda kept.
AaDev8cPxjvAjhH7pH1i	java:S117	CODE_SMELL	MINOR	src/test/java/dev/andre/homecontrol/sources/jellyfin/JellyfinClientTest.java	116	FIXED	-	Generated local preparedArg112_0 renamed to a meaningful camelCase name; repeated hoists merged, one throwing call per lambda kept.
AaDev8cPxjvAjhH7pH1j	java:S117	CODE_SMELL	MINOR	src/test/java/dev/andre/homecontrol/sources/jellyfin/JellyfinClientTest.java	223	FIXED	-	Generated local preparedArg218_0 renamed to a meaningful camelCase name; repeated hoists merged, one throwing call per lambda kept.
AaDev8cPxjvAjhH7pH1k	java:S117	CODE_SMELL	MINOR	src/test/java/dev/andre/homecontrol/sources/jellyfin/JellyfinClientTest.java	233	FIXED	-	Generated local preparedArg227_0 renamed to a meaningful camelCase name; repeated hoists merged, one throwing call per lambda kept.
AaDev8cPxjvAjhH7pH1l	java:S117	CODE_SMELL	MINOR	src/test/java/dev/andre/homecontrol/sources/jellyfin/JellyfinClientTest.java	242	FIXED	-	Generated local preparedArg235_0 renamed to a meaningful camelCase name; repeated hoists merged, one throwing call per lambda kept.
AaDev8c4xjvAjhH7pH1m	java:S117	CODE_SMELL	MINOR	src/test/java/dev/andre/homecontrol/sources/jellyfin/JellyfinSetupServiceTest.java	82	FIXED	-	Generated local preparedArg82_0 renamed to a meaningful camelCase name; repeated hoists merged, one throwing call per lambda kept.
AaDev8c4xjvAjhH7pH1n	java:S117	CODE_SMELL	MINOR	src/test/java/dev/andre/homecontrol/sources/jellyfin/JellyfinSetupServiceTest.java	143	FIXED	-	Generated local preparedArg142_0 renamed to a meaningful camelCase name; repeated hoists merged, one throwing call per lambda kept.
AaDev8i3xjvAjhH7pH1u	java:S117	CODE_SMELL	MINOR	src/test/java/dev/andre/homecontrol/sources/pinned/PinnedShortcutsTest.java	135	FIXED	-	Generated local preparedArg135_1 renamed to a meaningful camelCase name; repeated hoists merged, one throwing call per lambda kept.
AaDev8i3xjvAjhH7pH1v	java:S117	CODE_SMELL	MINOR	src/test/java/dev/andre/homecontrol/sources/pinned/PinnedShortcutsTest.java	182	FIXED	-	Generated local preparedArg181_0 renamed to a meaningful camelCase name; repeated hoists merged, one throwing call per lambda kept.
AaDev8Y9xjvAjhH7pH1c	java:S117	CODE_SMELL	MINOR	src/test/java/dev/andre/homecontrol/sources/sports/SportsProvidersTest.java	47	FIXED	-	Generated local preparedArg47_1 renamed to a meaningful camelCase name; repeated hoists merged, one throwing call per lambda kept.
AaDev8VUxjvAjhH7pH1X	java:S117	CODE_SMELL	MINOR	src/test/java/dev/andre/homecontrol/sources/sports/calendar/CalendarFetcherTest.java	78	FIXED	-	Generated local preparedArg78_0 renamed to a meaningful camelCase name; repeated hoists merged, one throwing call per lambda kept.
AaDev8VUxjvAjhH7pH1Y	java:S117	CODE_SMELL	MINOR	src/test/java/dev/andre/homecontrol/sources/sports/calendar/CalendarFetcherTest.java	106	FIXED	-	Generated local preparedArg105_0 renamed to a meaningful camelCase name; repeated hoists merged, one throwing call per lambda kept.
AaDev8VUxjvAjhH7pH1Z	java:S117	CODE_SMELL	MINOR	src/test/java/dev/andre/homecontrol/sources/sports/calendar/CalendarFetcherTest.java	118	FIXED	-	Generated local preparedArg116_0 renamed to a meaningful camelCase name; repeated hoists merged, one throwing call per lambda kept.
AaDev8VUxjvAjhH7pH1a	java:S117	CODE_SMELL	MINOR	src/test/java/dev/andre/homecontrol/sources/sports/calendar/CalendarFetcherTest.java	146	FIXED	-	Generated local preparedArg143_0 renamed to a meaningful camelCase name; repeated hoists merged, one throwing call per lambda kept.
AaDev8VUxjvAjhH7pH1b	java:S117	CODE_SMELL	MINOR	src/test/java/dev/andre/homecontrol/sources/sports/calendar/CalendarFetcherTest.java	153	FIXED	-	Generated local preparedArg149_0 renamed to a meaningful camelCase name; repeated hoists merged, one throwing call per lambda kept.
AaDev8UrxjvAjhH7pH1T	java:S117	CODE_SMELL	MINOR	src/test/java/dev/andre/homecontrol/sources/sports/calendar/CalendarUrlPolicyTest.java	53	FIXED	-	Generated local preparedArg53_0 renamed to a meaningful camelCase name; repeated hoists merged, one throwing call per lambda kept.
AaDev8UrxjvAjhH7pH1U	java:S117	CODE_SMELL	MINOR	src/test/java/dev/andre/homecontrol/sources/sports/calendar/CalendarUrlPolicyTest.java	70	FIXED	-	Generated local preparedArg69_0 renamed to a meaningful camelCase name; repeated hoists merged, one throwing call per lambda kept.
AaDev8UrxjvAjhH7pH1V	java:S117	CODE_SMELL	MINOR	src/test/java/dev/andre/homecontrol/sources/sports/calendar/CalendarUrlPolicyTest.java	82	FIXED	-	Generated local preparedArg80_0 renamed to a meaningful camelCase name; repeated hoists merged, one throwing call per lambda kept.
AaDev8UrxjvAjhH7pH1W	java:S117	CODE_SMELL	MINOR	src/test/java/dev/andre/homecontrol/sources/sports/calendar/CalendarUrlPolicyTest.java	92	FIXED	-	Generated local preparedArg89_0 renamed to a meaningful camelCase name; repeated hoists merged, one throwing call per lambda kept.
AaDev8T-xjvAjhH7pH1Q	java:S117	CODE_SMELL	MINOR	src/test/java/dev/andre/homecontrol/sources/sports/calendar/SportsCalendarsTest.java	151	FIXED	-	Generated local preparedArg151_0 renamed to a meaningful camelCase name; repeated hoists merged, one throwing call per lambda kept.
AaDev8T-xjvAjhH7pH1R	java:S117	CODE_SMELL	MINOR	src/test/java/dev/andre/homecontrol/sources/sports/calendar/SportsCalendarsTest.java	165	FIXED	-	Generated local preparedArg165_0 renamed to a meaningful camelCase name; repeated hoists merged, one throwing call per lambda kept.
AaDev8T-xjvAjhH7pH1S	java:S117	CODE_SMELL	MINOR	src/test/java/dev/andre/homecontrol/sources/sports/calendar/SportsCalendarsTest.java	171	FIXED	-	Generated local preparedArg170_0 renamed to a meaningful camelCase name; repeated hoists merged, one throwing call per lambda kept.
AaDev8SSxjvAjhH7pH1O	java:S117	CODE_SMELL	MINOR	src/test/java/dev/andre/homecontrol/sources/sports/ics/IcsParserTest.java	150	FIXED	-	Generated local preparedArg150_0 renamed to a meaningful camelCase name; repeated hoists merged, one throwing call per lambda kept.
AaDev8SSxjvAjhH7pH1P	java:S117	CODE_SMELL	MINOR	src/test/java/dev/andre/homecontrol/sources/sports/ics/IcsParserTest.java	180	FIXED	-	Generated local preparedArg179_0 renamed to a meaningful camelCase name; repeated hoists merged, one throwing call per lambda kept.
AaDev8fGxjvAjhH7pH1o	java:S117	CODE_SMELL	MINOR	src/test/java/dev/andre/homecontrol/sources/tmdb/TmdbSetupServiceTest.java	96	FIXED	-	Generated local preparedArg96_0 renamed to a meaningful camelCase name; repeated hoists merged, one throwing call per lambda kept.
AaDev8fGxjvAjhH7pH1p	java:S117	CODE_SMELL	MINOR	src/test/java/dev/andre/homecontrol/sources/tmdb/TmdbSetupServiceTest.java	111	FIXED	-	Generated local preparedArg111_0 renamed to a meaningful camelCase name; repeated hoists merged, one throwing call per lambda kept.
AaDev8fGxjvAjhH7pH1q	java:S117	CODE_SMELL	MINOR	src/test/java/dev/andre/homecontrol/sources/tmdb/TmdbSetupServiceTest.java	125	FIXED	-	Generated local preparedArg125_0 renamed to a meaningful camelCase name; repeated hoists merged, one throwing call per lambda kept.
AaDev8fGxjvAjhH7pH1r	java:S117	CODE_SMELL	MINOR	src/test/java/dev/andre/homecontrol/sources/tmdb/TmdbSetupServiceTest.java	137	FIXED	-	Generated local preparedArg137_0 renamed to a meaningful camelCase name; repeated hoists merged, one throwing call per lambda kept.
AaDev8fGxjvAjhH7pH1s	java:S117	CODE_SMELL	MINOR	src/test/java/dev/andre/homecontrol/sources/tmdb/TmdbSetupServiceTest.java	138	FIXED	-	Generated local preparedArg137_1 renamed to a meaningful camelCase name; repeated hoists merged, one throwing call per lambda kept.
AaDev8ldxjvAjhH7pH12	java:S117	CODE_SMELL	MINOR	src/test/java/dev/andre/homecontrol/sources/workflows/WorkflowCastRouteExecutorTest.java	129	FIXED	-	Generated local preparedArg129_0 renamed to a meaningful camelCase name; repeated hoists merged, one throwing call per lambda kept.
AaDev8okxjvAjhH7pH2V	java:S117	CODE_SMELL	MINOR	src/test/java/dev/andre/homecontrol/sources/workflows/WorkflowHttpClientTest.java	55	FIXED	-	Generated local preparedArg55_0 renamed to a meaningful camelCase name; repeated hoists merged, one throwing call per lambda kept.
AaDev8okxjvAjhH7pH2W	java:S117	CODE_SMELL	MINOR	src/test/java/dev/andre/homecontrol/sources/workflows/WorkflowHttpClientTest.java	78	FIXED	-	Generated local preparedArg77_0 renamed to a meaningful camelCase name; repeated hoists merged, one throwing call per lambda kept.
AaDev8okxjvAjhH7pH2X	java:S117	CODE_SMELL	MINOR	src/test/java/dev/andre/homecontrol/sources/workflows/WorkflowHttpClientTest.java	88	FIXED	-	Generated local preparedArg86_0 renamed to a meaningful camelCase name; repeated hoists merged, one throwing call per lambda kept.
AaDev8okxjvAjhH7pH2Y	java:S117	CODE_SMELL	MINOR	src/test/java/dev/andre/homecontrol/sources/workflows/WorkflowHttpClientTest.java	99	FIXED	-	Generated local preparedArg96_0 renamed to a meaningful camelCase name; repeated hoists merged, one throwing call per lambda kept.
AaDev8okxjvAjhH7pH2Z	java:S117	CODE_SMELL	MINOR	src/test/java/dev/andre/homecontrol/sources/workflows/WorkflowHttpClientTest.java	112	FIXED	-	Generated local preparedArg108_0 renamed to a meaningful camelCase name; repeated hoists merged, one throwing call per lambda kept.
AaDev8okxjvAjhH7pH2a	java:S117	CODE_SMELL	MINOR	src/test/java/dev/andre/homecontrol/sources/workflows/WorkflowHttpClientTest.java	114	FIXED	-	Generated local preparedArg109_0 renamed to a meaningful camelCase name; repeated hoists merged, one throwing call per lambda kept.
AaDev8okxjvAjhH7pH2b	java:S117	CODE_SMELL	MINOR	src/test/java/dev/andre/homecontrol/sources/workflows/WorkflowHttpClientTest.java	142	FIXED	-	Generated local preparedArg136_0 renamed to a meaningful camelCase name; repeated hoists merged, one throwing call per lambda kept.
AaDev8okxjvAjhH7pH2c	java:S117	CODE_SMELL	MINOR	src/test/java/dev/andre/homecontrol/sources/workflows/WorkflowHttpClientTest.java	194	FIXED	-	Generated local preparedArg187_0 renamed to a meaningful camelCase name; repeated hoists merged, one throwing call per lambda kept.
AaDev8okxjvAjhH7pH2d	java:S117	CODE_SMELL	MINOR	src/test/java/dev/andre/homecontrol/sources/workflows/WorkflowHttpClientTest.java	196	FIXED	-	Generated local preparedArg188_0 renamed to a meaningful camelCase name; repeated hoists merged, one throwing call per lambda kept.
AaDev8okxjvAjhH7pH2e	java:S117	CODE_SMELL	MINOR	src/test/java/dev/andre/homecontrol/sources/workflows/WorkflowHttpClientTest.java	210	FIXED	-	Generated local preparedArg201_0 renamed to a meaningful camelCase name; repeated hoists merged, one throwing call per lambda kept.
AaDev8okxjvAjhH7pH2f	java:S117	CODE_SMELL	MINOR	src/test/java/dev/andre/homecontrol/sources/workflows/WorkflowHttpClientTest.java	218	FIXED	-	Generated local preparedArg208_0 renamed to a meaningful camelCase name; repeated hoists merged, one throwing call per lambda kept.
AaDev8okxjvAjhH7pH2g	java:S117	CODE_SMELL	MINOR	src/test/java/dev/andre/homecontrol/sources/workflows/WorkflowHttpClientTest.java	231	FIXED	-	Generated local preparedArg220_0 renamed to a meaningful camelCase name; repeated hoists merged, one throwing call per lambda kept.
AaDev8okxjvAjhH7pH2h	java:S117	CODE_SMELL	MINOR	src/test/java/dev/andre/homecontrol/sources/workflows/WorkflowHttpClientTest.java	242	FIXED	-	Generated local preparedArg230_0 renamed to a meaningful camelCase name; repeated hoists merged, one throwing call per lambda kept.
AaDev8okxjvAjhH7pH2i	java:S117	CODE_SMELL	MINOR	src/test/java/dev/andre/homecontrol/sources/workflows/WorkflowHttpClientTest.java	252	FIXED	-	Generated local preparedArg239_0 renamed to a meaningful camelCase name; repeated hoists merged, one throwing call per lambda kept.
AaDev8okxjvAjhH7pH2j	java:S117	CODE_SMELL	MINOR	src/test/java/dev/andre/homecontrol/sources/workflows/WorkflowHttpClientTest.java	327	FIXED	-	Generated local preparedArg312_0 renamed to a meaningful camelCase name; repeated hoists merged, one throwing call per lambda kept.
AaDev8okxjvAjhH7pH2k	java:S117	CODE_SMELL	MINOR	src/test/java/dev/andre/homecontrol/sources/workflows/WorkflowHttpClientTest.java	329	FIXED	-	Generated local preparedArg313_0 renamed to a meaningful camelCase name; repeated hoists merged, one throwing call per lambda kept.
AaDev8n6xjvAjhH7pH2K	java:S117	CODE_SMELL	MINOR	src/test/java/dev/andre/homecontrol/sources/workflows/WorkflowJsonTest.java	52	FIXED	-	Generated local preparedArg52_0 renamed to a meaningful camelCase name; repeated hoists merged, one throwing call per lambda kept.
AaDev8n6xjvAjhH7pH2L	java:S117	CODE_SMELL	MINOR	src/test/java/dev/andre/homecontrol/sources/workflows/WorkflowJsonTest.java	59	FIXED	-	Generated local preparedArg59_0 renamed to a meaningful camelCase name; repeated hoists merged, one throwing call per lambda kept.
AaDev8n6xjvAjhH7pH2M	java:S117	CODE_SMELL	MINOR	src/test/java/dev/andre/homecontrol/sources/workflows/WorkflowJsonTest.java	60	FIXED	-	Generated local preparedArg59_1 renamed to a meaningful camelCase name; repeated hoists merged, one throwing call per lambda kept.
AaDev8n6xjvAjhH7pH2N	java:S117	CODE_SMELL	MINOR	src/test/java/dev/andre/homecontrol/sources/workflows/WorkflowJsonTest.java	70	FIXED	-	Generated local preparedArg68_0 renamed to a meaningful camelCase name; repeated hoists merged, one throwing call per lambda kept.
AaDev8n6xjvAjhH7pH2O	java:S117	CODE_SMELL	MINOR	src/test/java/dev/andre/homecontrol/sources/workflows/WorkflowJsonTest.java	71	FIXED	-	Generated local preparedArg68_1 renamed to a meaningful camelCase name; repeated hoists merged, one throwing call per lambda kept.
AaDev8n6xjvAjhH7pH2P	java:S117	CODE_SMELL	MINOR	src/test/java/dev/andre/homecontrol/sources/workflows/WorkflowJsonTest.java	77	FIXED	-	Generated local preparedArg73_0 renamed to a meaningful camelCase name; repeated hoists merged, one throwing call per lambda kept.
AaDev8n6xjvAjhH7pH2Q	java:S117	CODE_SMELL	MINOR	src/test/java/dev/andre/homecontrol/sources/workflows/WorkflowJsonTest.java	78	FIXED	-	Generated local preparedArg73_1 renamed to a meaningful camelCase name; repeated hoists merged, one throwing call per lambda kept.
AaDev8n6xjvAjhH7pH2R	java:S117	CODE_SMELL	MINOR	src/test/java/dev/andre/homecontrol/sources/workflows/WorkflowJsonTest.java	259	FIXED	-	Generated local preparedArg138_0 renamed to a meaningful camelCase name; repeated hoists merged, one throwing call per lambda kept.
AaDev8n6xjvAjhH7pH2S	java:S117	CODE_SMELL	MINOR	src/test/java/dev/andre/homecontrol/sources/workflows/WorkflowJsonTest.java	282	FIXED	-	Generated local preparedArg160_0 renamed to a meaningful camelCase name; repeated hoists merged, one throwing call per lambda kept.
AaDev8n6xjvAjhH7pH2T	java:S117	CODE_SMELL	MINOR	src/test/java/dev/andre/homecontrol/sources/workflows/WorkflowJsonTest.java	285	FIXED	-	Generated local preparedArg162_0 renamed to a meaningful camelCase name; repeated hoists merged, one throwing call per lambda kept.
AaDev8ptxjvAjhH7pH2l	java:S117	CODE_SMELL	MINOR	src/test/java/dev/andre/homecontrol/sources/workflows/WorkflowModuleSwitchTest.java	59	FIXED	-	Generated local preparedArg58_0 renamed to a meaningful camelCase name; repeated hoists merged, one throwing call per lambda kept.
AaDev8mwxjvAjhH7pH19	java:S117	CODE_SMELL	MINOR	src/test/java/dev/andre/homecontrol/sources/workflows/WorkflowStoreTest.java	80	FIXED	-	Generated local preparedArg80_0 renamed to a meaningful camelCase name; repeated hoists merged, one throwing call per lambda kept.
AaDev8mwxjvAjhH7pH1-	java:S117	CODE_SMELL	MINOR	src/test/java/dev/andre/homecontrol/sources/workflows/WorkflowStoreTest.java	81	FIXED	-	Generated local preparedArg80_1 renamed to a meaningful camelCase name; repeated hoists merged, one throwing call per lambda kept.
AaDev8mwxjvAjhH7pH1_	java:S117	CODE_SMELL	MINOR	src/test/java/dev/andre/homecontrol/sources/workflows/WorkflowStoreTest.java	82	FIXED	-	Generated local preparedArg80_2 renamed to a meaningful camelCase name; repeated hoists merged, one throwing call per lambda kept.
AaDev8mwxjvAjhH7pH2A	java:S117	CODE_SMELL	MINOR	src/test/java/dev/andre/homecontrol/sources/workflows/WorkflowStoreTest.java	83	FIXED	-	Generated local preparedArg80_3 renamed to a meaningful camelCase name; repeated hoists merged, one throwing call per lambda kept.
AaDev8mwxjvAjhH7pH2B	java:S117	CODE_SMELL	MINOR	src/test/java/dev/andre/homecontrol/sources/workflows/WorkflowStoreTest.java	86	FIXED	-	Generated local preparedArg82_0 renamed to a meaningful camelCase name; repeated hoists merged, one throwing call per lambda kept.
AaDev8mwxjvAjhH7pH2C	java:S117	CODE_SMELL	MINOR	src/test/java/dev/andre/homecontrol/sources/workflows/WorkflowStoreTest.java	87	FIXED	-	Generated local preparedArg82_1 renamed to a meaningful camelCase name; repeated hoists merged, one throwing call per lambda kept.
AaDev8mwxjvAjhH7pH2D	java:S117	CODE_SMELL	MINOR	src/test/java/dev/andre/homecontrol/sources/workflows/WorkflowStoreTest.java	88	FIXED	-	Generated local preparedArg82_3 renamed to a meaningful camelCase name; repeated hoists merged, one throwing call per lambda kept.
AaDev8mwxjvAjhH7pH2E	java:S117	CODE_SMELL	MINOR	src/test/java/dev/andre/homecontrol/sources/workflows/WorkflowStoreTest.java	91	FIXED	-	Generated local preparedArg84_0 renamed to a meaningful camelCase name; repeated hoists merged, one throwing call per lambda kept.
AaDev8mwxjvAjhH7pH2F	java:S117	CODE_SMELL	MINOR	src/test/java/dev/andre/homecontrol/sources/workflows/WorkflowStoreTest.java	92	FIXED	-	Generated local preparedArg84_1 renamed to a meaningful camelCase name; repeated hoists merged, one throwing call per lambda kept.
AaDev8mwxjvAjhH7pH2G	java:S117	CODE_SMELL	MINOR	src/test/java/dev/andre/homecontrol/sources/workflows/WorkflowStoreTest.java	93	FIXED	-	Generated local preparedArg84_2 renamed to a meaningful camelCase name; repeated hoists merged, one throwing call per lambda kept.
AaDev8mwxjvAjhH7pH2H	java:S117	CODE_SMELL	MINOR	src/test/java/dev/andre/homecontrol/sources/workflows/WorkflowStoreTest.java	154	FIXED	-	Generated local preparedArg144_0 renamed to a meaningful camelCase name; repeated hoists merged, one throwing call per lambda kept.
AaDev8mwxjvAjhH7pH2I	java:S117	CODE_SMELL	MINOR	src/test/java/dev/andre/homecontrol/sources/workflows/WorkflowStoreTest.java	155	FIXED	-	Generated local preparedArg144_3 renamed to a meaningful camelCase name; repeated hoists merged, one throwing call per lambda kept.
AaDev8mwxjvAjhH7pH2J	java:S117	CODE_SMELL	MINOR	src/test/java/dev/andre/homecontrol/sources/workflows/WorkflowStoreTest.java	158	FIXED	-	Generated local preparedArg146_1 renamed to a meaningful camelCase name; repeated hoists merged, one throwing call per lambda kept.
AaDev8kKxjvAjhH7pH1w	java:S117	CODE_SMELL	MINOR	src/test/java/dev/andre/homecontrol/sources/workflows/WorkflowTemplateTest.java	31	FIXED	-	Generated local preparedArg31_0 renamed to a meaningful camelCase name; repeated hoists merged, one throwing call per lambda kept.
AaDev8kKxjvAjhH7pH1x	java:S117	CODE_SMELL	MINOR	src/test/java/dev/andre/homecontrol/sources/workflows/WorkflowTemplateTest.java	40	FIXED	-	Generated local preparedArg39_0 renamed to a meaningful camelCase name; repeated hoists merged, one throwing call per lambda kept.
AaDev8kKxjvAjhH7pH1y	java:S117	CODE_SMELL	MINOR	src/test/java/dev/andre/homecontrol/sources/workflows/WorkflowTemplateTest.java	61	FIXED	-	Generated local preparedArg59_1 renamed to a meaningful camelCase name; repeated hoists merged, one throwing call per lambda kept.
AaDev8kKxjvAjhH7pH1z	java:S117	CODE_SMELL	MINOR	src/test/java/dev/andre/homecontrol/sources/workflows/WorkflowTemplateTest.java	65	FIXED	-	Generated local preparedArg62_1 renamed to a meaningful camelCase name; repeated hoists merged, one throwing call per lambda kept.
AaDev8mGxjvAjhH7pH14	java:S117	CODE_SMELL	MINOR	src/test/java/dev/andre/homecontrol/sources/workflows/WorkflowUrlPolicyTest.java	66	FIXED	-	Generated local preparedArg66_0 renamed to a meaningful camelCase name; repeated hoists merged, one throwing call per lambda kept.
AaDev8mGxjvAjhH7pH15	java:S117	CODE_SMELL	MINOR	src/test/java/dev/andre/homecontrol/sources/workflows/WorkflowUrlPolicyTest.java	68	FIXED	-	Generated local preparedArg67_0 renamed to a meaningful camelCase name; repeated hoists merged, one throwing call per lambda kept.
AaDev8mGxjvAjhH7pH16	java:S117	CODE_SMELL	MINOR	src/test/java/dev/andre/homecontrol/sources/workflows/WorkflowUrlPolicyTest.java	70	FIXED	-	Generated local preparedArg68_0 renamed to a meaningful camelCase name; repeated hoists merged, one throwing call per lambda kept.
AaDev8mGxjvAjhH7pH17	java:S117	CODE_SMELL	MINOR	src/test/java/dev/andre/homecontrol/sources/workflows/WorkflowUrlPolicyTest.java	72	FIXED	-	Generated local preparedArg69_0 renamed to a meaningful camelCase name; repeated hoists merged, one throwing call per lambda kept.
AaDev8mGxjvAjhH7pH18	java:S117	CODE_SMELL	MINOR	src/test/java/dev/andre/homecontrol/sources/workflows/WorkflowUrlPolicyTest.java	74	FIXED	-	Generated local preparedArg70_0 renamed to a meaningful camelCase name; repeated hoists merged, one throwing call per lambda kept.
AaDev8RFxjvAjhH7pH1N	java:S117	CODE_SMELL	MINOR	src/test/java/dev/andre/homecontrol/sources/youtube/YouTubeBrowserAuthorizationTest.java	191	FIXED	-	Generated local preparedArg191_0 renamed to a meaningful camelCase name; repeated hoists merged, one throwing call per lambda kept.
AaDev8O8xjvAjhH7pH1M	java:S117	CODE_SMELL	MINOR	src/test/java/dev/andre/homecontrol/sources/youtube/YouTubeContentSourceTest.java	185	FIXED	-	Generated local preparedArg185_0 renamed to a meaningful camelCase name; repeated hoists merged, one throwing call per lambda kept.
AaDev8OSxjvAjhH7pH1K	java:S117	CODE_SMELL	MINOR	src/test/java/dev/andre/homecontrol/sources/youtube/YouTubeSetupServiceTest.java	305	FIXED	-	Generated local preparedArg305_0 renamed to a meaningful camelCase name; repeated hoists merged, one throwing call per lambda kept.
AaDev8OSxjvAjhH7pH1L	java:S117	CODE_SMELL	MINOR	src/test/java/dev/andre/homecontrol/sources/youtube/YouTubeSetupServiceTest.java	309	FIXED	-	Generated local preparedArg308_0 renamed to a meaningful camelCase name; repeated hoists merged, one throwing call per lambda kept.
AaDev9U6xjvAjhH7pH3Y	java:S117	CODE_SMELL	MINOR	src/test/java/dev/andre/homecontrol/storage/SecretStoreTest.java	99	FIXED	-	Generated local preparedArg93_0 renamed to a meaningful camelCase name; repeated hoists merged, one throwing call per lambda kept.
AaDev9U6xjvAjhH7pH3Z	java:S117	CODE_SMELL	MINOR	src/test/java/dev/andre/homecontrol/storage/SecretStoreTest.java	110	FIXED	-	Generated local preparedArg103_0 renamed to a meaningful camelCase name; repeated hoists merged, one throwing call per lambda kept.
AaDev9U6xjvAjhH7pH3a	java:S117	CODE_SMELL	MINOR	src/test/java/dev/andre/homecontrol/storage/SecretStoreTest.java	111	FIXED	-	Generated local preparedArg103_1 renamed to a meaningful camelCase name; repeated hoists merged, one throwing call per lambda kept.
AaDev9U6xjvAjhH7pH3b	java:S117	CODE_SMELL	MINOR	src/test/java/dev/andre/homecontrol/storage/SecretStoreTest.java	194	FIXED	-	Generated local preparedArg185_0 renamed to a meaningful camelCase name; repeated hoists merged, one throwing call per lambda kept.
AaDev9U6xjvAjhH7pH3c	java:S117	CODE_SMELL	MINOR	src/test/java/dev/andre/homecontrol/storage/SecretStoreTest.java	195	FIXED	-	Generated local preparedArg185_1 renamed to a meaningful camelCase name; repeated hoists merged, one throwing call per lambda kept.
AaDev9U6xjvAjhH7pH3d	java:S117	CODE_SMELL	MINOR	src/test/java/dev/andre/homecontrol/storage/SecretStoreTest.java	198	FIXED	-	Generated local preparedArg187_0 renamed to a meaningful camelCase name; repeated hoists merged, one throwing call per lambda kept.
AaDev9U6xjvAjhH7pH3e	java:S117	CODE_SMELL	MINOR	src/test/java/dev/andre/homecontrol/storage/SecretStoreTest.java	199	FIXED	-	Generated local preparedArg187_1 renamed to a meaningful camelCase name; repeated hoists merged, one throwing call per lambda kept.
AaDKnCciHkjsOnJ6opRH	java:S1172	CODE_SMELL	MAJOR	src/test/java/dev/andre/homecontrol/adapters/upnp/FakeUpnpRenderer.java	319	FIXED	-	perform() now uses serviceType: an action sent to a service that does not define it gets UPnP 401 Invalid Action, like a real renderer (FakeSonosPlayer already relied on the parameter).
AaDKnBdBHkjsOnJ6opB9	java:S1181	CODE_SMELL	MAJOR	src/main/java/dev/andre/homecontrol/sources/workflows/WorkflowHttpClient.java	223	FIXED	-	The worker caught Throwable to hand every outcome to the caller waiting in result.get(). It now catches Exception; an Error reaches the thread's uncaught handler (it used to vanish), while the caller is still completed at once with "request failed" instead of waiting out its deadline; permit release before completion unchanged (test with an Error-throwing resolver added).
AaDKnCGoHkjsOnJ6opMS	java:S1181	CODE_SMELL	MAJOR	src/main/java/dev/andre/homecontrol/web/DeviceStateBroadcaster.java	139	FIXED	-	broadcast catches IOException | RuntimeException (the IllegalStateException the comment names); an Error now ends that task on the single fan-out thread and the executor starts a fresh one for the next event instead of being swallowed at DEBUG (test added).
AaDKnCGoHkjsOnJ6opMT	java:S1181	CODE_SMELL	MAJOR	src/main/java/dev/andre/homecontrol/web/DeviceStateBroadcaster.java	164	FIXED	-	completeQuietly catches RuntimeException (what complete() throws on an emitter that is already gone); test added.
AaDKnCGoHkjsOnJ6opMU	java:S1181	CODE_SMELL	MAJOR	src/main/java/dev/andre/homecontrol/web/DeviceStateBroadcaster.java	173	FIXED	-	completeQuietly(emitter, cause) catches RuntimeException and takes an Exception cause; test added.
AaDKnCZXHkjsOnJ6opQD	java:S1186	CODE_SMELL	CRITICAL	src/test/java/dev/andre/homecontrol/adapters/bluetooth/player/MpvIpcTest.java	43	FIXED	-	Empty onClosed() of the shared listener now says only events are recorded there.
AaDKnCZXHkjsOnJ6opQM	java:S1186	CODE_SMELL	CRITICAL	src/test/java/dev/andre/homecontrol/adapters/bluetooth/player/MpvIpcTest.java	204	FIXED	-	Empty onEvent() of the tracking listener now says only the close notification matters.
AaDKnCarHkjsOnJ6opQq	java:S1186	CODE_SMELL	CRITICAL	src/test/java/dev/andre/homecontrol/adapters/bluetooth/player/ProcessMpvLauncherTest.java	44	FIXED	-	Empty onEvent() of noopListener now explains these tests check the process, not events.
AaDKnCarHkjsOnJ6opQr	java:S1186	CODE_SMELL	CRITICAL	src/test/java/dev/andre/homecontrol/adapters/bluetooth/player/ProcessMpvLauncherTest.java	48	FIXED	-	Empty onClosed() of noopListener now explains closing is observed via the process exit.
AaDKnCe1HkjsOnJ6opRx	java:S1186	CODE_SMELL	CRITICAL	src/test/java/dev/andre/homecontrol/adapters/net/InsecureTlsTest.java	27	FIXED	-	Empty onClosed() now explains only received texts matter.
AaDKnCsdHkjsOnJ6opVN	java:S1186	CODE_SMELL	CRITICAL	src/test/java/dev/andre/homecontrol/content/RailCacheTest.java	48	FIXED	-	ManualExecutor.shutdown() now says why it is empty: nothing runs in the background to stop.
AaDKnCrAHkjsOnJ6opUf	java:S1186	CODE_SMELL	CRITICAL	src/test/java/dev/andre/homecontrol/device/DeviceManagerTest.java	500	FIXED	-	Empty execute()/close() of the test handles now explain why (tests only read the handle; nothing to release).
AaDKnCrAHkjsOnJ6opUg	java:S1186	CODE_SMELL	CRITICAL	src/test/java/dev/andre/homecontrol/device/DeviceManagerTest.java	504	FIXED	-	Empty execute()/close() of the test handles now explain why (tests only read the handle; nothing to release).
AaDKnCrAHkjsOnJ6opUh	java:S1186	CODE_SMELL	CRITICAL	src/test/java/dev/andre/homecontrol/device/DeviceManagerTest.java	575	FIXED	-	Empty execute()/close() of the test handles now explain why (tests only read the handle; nothing to release).
AaDKnCrAHkjsOnJ6opUi	java:S1186	CODE_SMELL	CRITICAL	src/test/java/dev/andre/homecontrol/device/DeviceManagerTest.java	579	FIXED	-	Empty execute()/close() of the test handles now explain why (tests only read the handle; nothing to release).
AaDKnCrAHkjsOnJ6opUj	java:S1186	CODE_SMELL	CRITICAL	src/test/java/dev/andre/homecontrol/device/DeviceManagerTest.java	633	FIXED	-	Empty execute()/close() of the test handles now explain why (tests only read the handle; nothing to release).
AaDKnCqsHkjsOnJ6opUZ	java:S1186	CODE_SMELL	CRITICAL	src/test/java/dev/andre/homecontrol/discovery/MdnsBrowserTest.java	118	FIXED	-	Empty removed() explains the listener only exists to throw from resolved().
AaDKnCqFHkjsOnJ6opUP	java:S1186	CODE_SMELL	CRITICAL	src/test/java/dev/andre/homecontrol/discovery/ssdp/SsdpDiscoveryTest.java	136	FIXED	-	Empty alive() explains only bye-byes are recorded; alive is checked through services().
AaDKnCmFHkjsOnJ6opTm	java:S1186	CODE_SMELL	CRITICAL	src/test/java/dev/andre/homecontrol/web/WorkflowEndToEndTest.java	82	FIXED	-	Empty close() of the recording handle explains it holds no connection.
AaDKnB85HkjsOnJ6opKY	java:S125	CODE_SMELL	MAJOR	src/main/java/dev/andre/homecontrol/adapters/androidtv/AndroidTvSession.java	346	FIXED	-	Reworded the prose comment in runOnScheduler so it no longer looks like code (no call syntax, no trailing semicolon).
AaDev7sVxjvAjhH7pH1F	java:S125	CODE_SMELL	MAJOR	src/main/java/dev/andre/homecontrol/adapters/androidtv/protocol/TlsSockets.java	223	FIXED	-	Reworded the prose comment in verifySelfSigned (sentence split, no trailing semicolon) so it no longer parses as code.
AaDKnCpDHkjsOnJ6opT_	java:S125	CODE_SMELL	MAJOR	src/test/java/dev/andre/homecontrol/web/StreamingLaunchersEndToEndTest.java	206	FIXED	-	Reworded the step-10 comment so it no longer ends in ";" and reads as prose, not code.
AaDKnBloHkjsOnJ6opD_	java:S127	CODE_SMELL	MAJOR	src/main/java/dev/andre/homecontrol/sources/sports/ics/IcsParser.java	260	FIXED	-	unescape() is a while loop that advances by 2 after an escape and 1 otherwise; the loop counter is no longer changed inside a for body.
AaDKnBd3HkjsOnJ6opCS	java:S127	CODE_SMELL	MAJOR	src/main/java/dev/andre/homecontrol/sources/workflows/WorkflowValidator.java	135	FIXED	-	The pointer-escape loop that advanced its own counter is the lookahead ~(?![01]) (every ~ must start ~0 or ~1, as before); tests added.
AaDKnCJfHkjsOnJ6opMm	java:S135	CODE_SMELL	MINOR	src/main/java/dev/andre/homecontrol/device/DeviceManager.java	167	FIXED	-	execute's loop has no continue left (accepts() && FallThrough.sent()).
AaDKnCJfHkjsOnJ6opMn	java:S135	CODE_SMELL	MINOR	src/main/java/dev/andre/homecontrol/device/DeviceManager.java	210	FIXED	-	stopEverywhere's loop has no continue left.
AaDKnCJfHkjsOnJ6opMo	java:S135	CODE_SMELL	MINOR	src/main/java/dev/andre/homecontrol/device/DeviceManager.java	266	FIXED	-	query's loop has no continue left.
AaDKnBfNHkjsOnJ6opCt	java:S135	CODE_SMELL	MINOR	src/main/java/dev/andre/homecontrol/sources/jellyfin/JellyfinStreams.java	77	FIXED	-	JellyfinStreams.fromPlaybackInfo asks directContainer() per source; no continue left; first playable source still wins (test added).
AaDKnBq-HkjsOnJ6opFW	java:S135	CODE_SMELL	MINOR	src/main/java/dev/andre/homecontrol/sources/pinned/JsonFilePinStore.java	76	FIXED	-	JsonFilePinStore.load keeps a pin when `pin != null && seenIds.add(pin.id())`; same short-circuit, no continues.
AaDKnBprHkjsOnJ6opFC	java:S135	CODE_SMELL	MINOR	src/main/java/dev/andre/homecontrol/sources/sports/JsonFileSportsStore.java	88	FIXED	-	Calendar loop uses one condition (parsed != null && seenIds.add(id)) instead of two continues; && short-circuit keeps the add only for parsed entries.
AaDKnBprHkjsOnJ6opFD	java:S135	CODE_SMELL	MINOR	src/main/java/dev/andre/homecontrol/sources/sports/JsonFileSportsStore.java	107	FIXED	-	Competition loop rewritten the same way as the calendar loop (single condition, no continue).
AaDKnBloHkjsOnJ6opEA	java:S135	CODE_SMELL	MINOR	src/main/java/dev/andre/homecontrol/sources/sports/ics/IcsParser.java	57	FIXED	-	The parse loop has no break/continue left (blank lines and non-content lines yield null and are skipped by one if).
AaDKnBuIHkjsOnJ6opF5	java:S135	CODE_SMELL	MINOR	src/main/java/dev/andre/homecontrol/sources/tmdb/TmdbContentSource.java	107	FIXED	-	The rail loop puts the rail-size limit in its condition and builds items in trendingItem(); no break/continue; a failed lookup still skips only that title.
AaDKnBuIHkjsOnJ6opF6	java:S135	CODE_SMELL	MINOR	src/main/java/dev/andre/homecontrol/sources/tmdb/TmdbContentSource.java	239	FIXED	-	The per-page loop is an iterator loop with the candidate limit in its condition, and the filters are in isNewTitle(); no break/continue.
AaDKnBj1HkjsOnJ6opDn	java:S135	CODE_SMELL	MINOR	src/main/java/dev/andre/homecontrol/sources/youtube/LoungeClient.java	124	FIXED	-	No loop with continue/break left in the bind scan.
AaDKnCFQHkjsOnJ6opL-	java:S1452	CODE_SMELL	CRITICAL	src/main/java/dev/andre/homecontrol/web/ContentPlayController.java	86	FIXED	-	preview returns ResponseEntity<RoutePreviewView>; an unknown device/source/item now throws DeviceNotFoundException / a private NoSuchContentException mapped by the controller's existing handler to the same 404 text/plain body (test incl. Accept: application/json added).
AaDKnCFQHkjsOnJ6opL_	java:S1452	CODE_SMELL	CRITICAL	src/main/java/dev/andre/homecontrol/web/ContentPlayController.java	100	FIXED	-	attempt returns ResponseEntity<PlayResultView>; bad skips throw IllegalArgumentException (existing 400 text handler, same message), unknowns as above (tests added).
AaDKnCj8HkjsOnJ6opSb	java:S1481	CODE_SMELL	MINOR	src/test/java/dev/andre/homecontrol/adapters/cast/CastSessionTest.java	151	FIXED	-	Unused resource variable 'late' replaced by 'var _'.
AaDKnCrAHkjsOnJ6opUe	java:S1481	CODE_SMELL	MINOR	src/test/java/dev/andre/homecontrol/device/DeviceManagerTest.java	405	FIXED	-	The try-with-resources manager is only needed for its lifecycle, so it is now the unnamed variable _.
AaDev9TwxjvAjhH7pH3Q	java:S1612	CODE_SMELL	MINOR	src/test/java/dev/andre/homecontrol/device/JsonFileDeviceRegistryTest.java	87	FIXED	-	Receiver renamed from preparedReceiver86 and the lambda replaced by a method reference (findAll).
AaDev9TwxjvAjhH7pH3R	java:S1612	CODE_SMELL	MINOR	src/test/java/dev/andre/homecontrol/device/JsonFileDeviceRegistryTest.java	99	FIXED	-	Receiver renamed from preparedReceiver97 and the lambda replaced by a method reference (findAll).
AaDev9TwxjvAjhH7pH3S	java:S1612	CODE_SMELL	MINOR	src/test/java/dev/andre/homecontrol/device/JsonFileDeviceRegistryTest.java	119	FIXED	-	Receiver renamed from preparedReceiver116 and the lambda replaced by a method reference (findAll).
AaDev9TwxjvAjhH7pH3T	java:S1612	CODE_SMELL	MINOR	src/test/java/dev/andre/homecontrol/device/JsonFileDeviceRegistryTest.java	206	FIXED	-	Receiver renamed from preparedReceiver202 and the lambda replaced by a method reference (findAll).
AaDev9TwxjvAjhH7pH3U	java:S1612	CODE_SMELL	MINOR	src/test/java/dev/andre/homecontrol/device/JsonFileDeviceRegistryTest.java	219	FIXED	-	Receiver renamed from preparedReceiver214 and the lambda replaced by a method reference (findAll).
AaDev9TwxjvAjhH7pH3V	java:S1612	CODE_SMELL	MINOR	src/test/java/dev/andre/homecontrol/device/JsonFileDeviceRegistryTest.java	232	FIXED	-	Receiver renamed from preparedReceiver226 and the lambda replaced by a method reference (findAll).
AaDev9TwxjvAjhH7pH3W	java:S1612	CODE_SMELL	MINOR	src/test/java/dev/andre/homecontrol/device/JsonFileDeviceRegistryTest.java	253	FIXED	-	Receiver renamed from preparedReceiver246 and the lambda replaced by a method reference (findAll).
AaDev9TwxjvAjhH7pH3X	java:S1612	CODE_SMELL	MINOR	src/test/java/dev/andre/homecontrol/device/JsonFileDeviceRegistryTest.java	274	FIXED	-	Receiver renamed from preparedReceiver266 and the lambda replaced by a method reference (findAll).
AaDev8iQxjvAjhH7pH1t	java:S1612	CODE_SMELL	MINOR	src/test/java/dev/andre/homecontrol/sources/pinned/JsonFilePinStoreTest.java	105	FIXED	-	Receiver renamed from preparedReceiver104 and the lambda replaced by a method reference (load).
AaDev8aGxjvAjhH7pH1d	java:S1612	CODE_SMELL	MINOR	src/test/java/dev/andre/homecontrol/sources/sports/JsonFileSportsStoreTest.java	97	FIXED	-	Receiver renamed from preparedReceiver96 and the lambda replaced by a method reference (load).
AaDev8k0xjvAjhH7pH10	java:S1612	CODE_SMELL	MINOR	src/test/java/dev/andre/homecontrol/sources/workflows/WorkflowDefinitionTest.java	185	FIXED	-	Receiver renamed from preparedReceiver184 and the lambda replaced by a method reference (clear).
AaDev8k0xjvAjhH7pH11	java:S1612	CODE_SMELL	MINOR	src/test/java/dev/andre/homecontrol/sources/workflows/WorkflowDefinitionTest.java	187	FIXED	-	Receiver renamed from preparedReceiver185 and the lambda replaced by a method reference (clear).
AaDev9VkxjvAjhH7pH3f	java:S1612	CODE_SMELL	MINOR	src/test/java/dev/andre/homecontrol/storage/DataDirectoryTest.java	35	FIXED	-	Receiver renamed from preparedReceiver34 and the lambda replaced by a method reference (verifyWritable).
AaDev74MxjvAjhH7pH1H	java:S1845	CODE_SMELL	BLOCKER	src/main/java/dev/andre/homecontrol/storage/SecretStore.java	59	FIXED	-	SecretStore's LoginCredential field is now `credential` (LOGIN stays the JSON key); login() accessor unchanged.
AaDev75XxjvAjhH7pH1I	java:S1845	CODE_SMELL	BLOCKER	src/main/java/dev/andre/homecontrol/web/LoginController.java	28	FIXED	-	LoginController's LoginService field (and constructor parameter) is now `loginService`; LOGIN stays the view name.
AaDKnB2lHkjsOnJ6opIZ	java:S2095	BUG	BLOCKER	src/main/java/dev/andre/homecontrol/adapters/tizen/TizenRemoteConnection.java	45	FIXED	-	Re-verified: nothing leaked (when TextWebSocket.connect throws the socket field stayed null and connect() aborts late sockets itself), so close-on-failure would have been dead code. Restructured instead: the AutoCloseable connection is constructed only after the socket is open, so the failure path holds nothing closeable. New TizenRemoteConnectionTest cases cover hang-up-before-answer and non-JSON frames.
AaDKnBsvHkjsOnJ6opFs	java:S2147	CODE_SMELL	MINOR	src/main/java/dev/andre/homecontrol/sources/tmdb/TmdbSetupController.java	38	FIXED	-	Identical catch blocks merged into catch (ContentSourceException | PasswordRejectedException e); the two types are unrelated and LoginRequiredException is still handled separately.
AaDKnCKhHkjsOnJ6opM3	java:S2184	BUG	MINOR	src/main/java/dev/andre/homecontrol/discovery/ssdp/DeviceFetch.java	33	FIXED	-	MAX_DESCRIPTION_BYTES = 64L * 1024 (value unchanged, multiplication now in long).
AaDKnCJfHkjsOnJ6opMv	java:S2445	BUG	MAJOR	src/main/java/dev/andre/homecontrol/device/DeviceManager.java	769	FIXED	-	No race existed (state() and report() both locked the same per-connect map taken from `reported`), but the lock owner is now explicit: each connect's states live in a private Generation whose synchronized composed()/report() guard its own map; report still publishes inside that monitor and ignores a replaced generation (test for a late report from a closed connect added).
AaDKnBloHkjsOnJ6opED	java:S2479	CODE_SMELL	CRITICAL	src/main/java/dev/andre/homecontrol/sources/sports/ics/IcsParser.java	49	FIXED	-	The literal BOM is now written as the escape "﻿".
AaDKnCJfHkjsOnJ6opMl	java:S2589	CODE_SMELL	MAJOR	src/main/java/dev/andre/homecontrol/device/DeviceManager.java	250	FIXED	-	Rule was right: once an adapter accepted Stop, one of stopped/refusal/offline/unsupported is always set, so `!accepted` was always true at that point; the flag is gone and the "cannot perform" fallback is FallThrough.reason()'s default. No behaviour change (new DeviceManagerFallThroughTest covers each outcome).
AaDKnBuIHkjsOnJ6opF4	java:S2589	CODE_SMELL	MAJOR	src/main/java/dev/andre/homecontrol/sources/tmdb/TmdbContentSource.java	132	FIXED	-	The analyzer is right: firstFailure is only set after an attempt, so anyAttempted added nothing. The flag was dropped; the condition is now !anyLookupSucceeded && firstFailure != null (same truth table).
AaDKnBprHkjsOnJ6opFB	java:S2629	CODE_SMELL	MAJOR	src/main/java/dev/andre/homecontrol/sources/sports/JsonFileSportsStore.java	82	FIXED	-	The time zone text is read once into a local in timeZone(); log.warn now gets that variable instead of calling tzNode.asString() in the argument list.
AaDKnCZvHkjsOnJ6opQX	java:S2925	CODE_SMELL	MAJOR	src/test/java/dev/andre/homecontrol/adapters/bluetooth/player/FakeMpv.java	215	FIXED	-	Clock loop ticks with quit.await(100 ms) instead of Thread.sleep, so it also stops at once when the fake quits; interrupt status restored.
AaDKnCj8HkjsOnJ6opSc	java:S2925	CODE_SMELL	MAJOR	src/test/java/dev/andre/homecontrol/adapters/cast/CastSessionTest.java	175	FIXED	-	2.5 s sleep replaced by await().during(2.5 s) asserting no state is published and no reconnect happens (longer than the 1-2 s backoff).
AaDKnCjIHkjsOnJ6opSY	java:S2925	CODE_SMELL	MAJOR	src/test/java/dev/andre/homecontrol/adapters/cast/protocol/CastConnectionTest.java	127	FIXED	-	500 ms sleep replaced by await().during(500 ms) that no disconnect is reported after the owner's close.
AaDKnCfmHkjsOnJ6opR-	java:S2925	CODE_SMELL	MAJOR	src/test/java/dev/andre/homecontrol/adapters/net/WakeOnLanTest.java	44	FIXED	-	500 ms sleep replaced by await().during(500 ms) that no packet arrives after the rejected MAC.
AaDKnCi2HkjsOnJ6opSX	java:S2925	CODE_SMELL	MAJOR	src/test/java/dev/andre/homecontrol/adapters/sonos/SonosDiscoveryTest.java	163	FIXED	-	Awaits the responder having answered a search (new positive check), then await().during(2.5 s) that neither player is asked and nothing is discovered.
AaDKnCefHkjsOnJ6opRw	java:S2925	CODE_SMELL	MAJOR	src/test/java/dev/andre/homecontrol/adapters/tizen/TizenAdapterTest.java	152	FIXED	-	Sleep replaced by waiting for the fake's first device-info answer (TV in standby, so the first poll cannot connect); the old sleep let the first poll's retried WebSocket handshake connect, so SSDP was not what the test exercised.
AaDKnCeSHkjsOnJ6opRl	java:S2925	CODE_SMELL	MAJOR	src/test/java/dev/andre/homecontrol/adapters/tizen/TizenSessionTest.java	215	FIXED	-	Sleep that waited for the installed-app list replaced by startWithInstalledApps(): Prime Video's well-known id reports visible until the list (without it) arrives, so currentApp turning null is the observable signal.
AaDKnCeSHkjsOnJ6opRn	java:S2925	CODE_SMELL	MAJOR	src/test/java/dev/andre/homecontrol/adapters/tizen/TizenSessionTest.java	238	FIXED	-	Same startWithInstalledApps() wait: the refusal is now guaranteed to come from the installed list, not the well-known-id fallback.
AaDKnCeSHkjsOnJ6opRq	java:S2925	CODE_SMELL	MAJOR	src/test/java/dev/andre/homecontrol/adapters/tizen/TizenSessionTest.java	270	FIXED	-	1.5 s sleep replaced by await().during(1.5 s) that the hand-entered MAC survives the 1 s polls.
AaDKnCeSHkjsOnJ6opRs	java:S2925	CODE_SMELL	MAJOR	src/test/java/dev/andre/homecontrol/adapters/tizen/TizenSessionTest.java	333	FIXED	-	3 s sleep replaced by await().during(3 s) that no reconnect follows the refused token.
AaDKnCeSHkjsOnJ6opRt	java:S2925	CODE_SMELL	MAJOR	src/test/java/dev/andre/homecontrol/adapters/tizen/TizenSessionTest.java	350	FIXED	-	Sleep to the 3.5 s mark replaced by await("no retry during the backoff").during(rest of window).
AaDKnCeSHkjsOnJ6opRu	java:S2925	CODE_SMELL	MAJOR	src/test/java/dev/andre/homecontrol/adapters/tizen/TizenSessionTest.java	366	FIXED	-	2 s sleep replaced by await().during(2 s) that an unpaired session never connects.
AaDKnCeSHkjsOnJ6opRv	java:S2925	CODE_SMELL	MAJOR	src/test/java/dev/andre/homecontrol/adapters/tizen/TizenSessionTest.java	408	FIXED	-	3 s sleep replaced by await().during(3 s) that a closed session publishes nothing.
AaDKnCdnHkjsOnJ6opRV	java:S2925	CODE_SMELL	MAJOR	src/test/java/dev/andre/homecontrol/adapters/upnp/UpnpSessionTest.java	187	FIXED	-	1.5 s sleep replaced by await().during(1.5 s) over both sessions staying DISCONNECTED and nothing being fetched.
AaDKnCdnHkjsOnJ6opRW	java:S2925	CODE_SMELL	MAJOR	src/test/java/dev/andre/homecontrol/adapters/upnp/UpnpSessionTest.java	208	FIXED	-	Awaits the redirecting description fetch, then await().during(1.5 s) that the victim is never contacted.
AaDKnCdnHkjsOnJ6opRa	java:S2925	CODE_SMELL	MAJOR	src/test/java/dev/andre/homecontrol/adapters/upnp/UpnpSessionTest.java	365	FIXED	-	Fake calls now carry receivedNanos; the 300 ms 'call already on the wire' grace is a timestamp bound instead of a sleep.
AaDKnCdnHkjsOnJ6opRb	java:S2925	CODE_SMELL	MAJOR	src/test/java/dev/andre/homecontrol/adapters/upnp/UpnpSessionTest.java	367	FIXED	-	2.5 s sleep replaced by await().during(2.8 s from close) that no call arrives after the grace bound.
AaDKnCczHkjsOnJ6opRI	java:S2925	CODE_SMELL	MAJOR	src/test/java/dev/andre/homecontrol/adapters/upnp/protocol/ReconnectingPollerTest.java	162	FIXED	-	50 ms grace became a bound on the recorded start timestamps instead of a sleep.
AaDKnCczHkjsOnJ6opRJ	java:S2925	CODE_SMELL	MAJOR	src/test/java/dev/andre/homecontrol/adapters/upnp/protocol/ReconnectingPollerTest.java	165	FIXED	-	500 ms sleep replaced by await().during(550 ms) that no connect/poll starts after the grace bound.
AaDKnCf3HkjsOnJ6opR_	java:S2925	CODE_SMELL	MAJOR	src/test/java/dev/andre/homecontrol/adapters/webos/WebOsAdapterTest.java	115	FIXED	-	2 s sleep replaced by await().during(2 s) that a closed handle never reconnects.
AaDKnCgYHkjsOnJ6opSC	java:S2925	CODE_SMELL	MAJOR	src/test/java/dev/andre/homecontrol/adapters/webos/WebOsSessionTest.java	211	FIXED	-	500 ms sleep replaced by await().during(500 ms) that the hand-entered MAC survives the connection-info answer.
AaDKnCgYHkjsOnJ6opSG	java:S2925	CODE_SMELL	MAJOR	src/test/java/dev/andre/homecontrol/adapters/webos/WebOsSessionTest.java	315	FIXED	-	3 s sleep replaced by await().during(3 s) that a refused pairing is not retried.
AaDKnCgYHkjsOnJ6opSH	java:S2925	CODE_SMELL	MAJOR	src/test/java/dev/andre/homecontrol/adapters/webos/WebOsSessionTest.java	325	FIXED	-	1 s sleep replaced by await().during(1 s) that a session without a client key never connects.
AaDKnCgYHkjsOnJ6opSI	java:S2925	CODE_SMELL	MAJOR	src/test/java/dev/andre/homecontrol/adapters/webos/WebOsSessionTest.java	347	FIXED	-	500 ms sleep replaced by await().during(500 ms) that reconnectNow() on a connected session opens nothing.
AaDKnCgYHkjsOnJ6opSK	java:S2925	CODE_SMELL	MAJOR	src/test/java/dev/andre/homecontrol/adapters/webos/WebOsSessionTest.java	398	FIXED	-	2.5 s sleep replaced by await().during(2.5 s) checking connection count and CONNECTED throughout the liveness checks.
AaDKnCgYHkjsOnJ6opSL	java:S2925	CODE_SMELL	MAJOR	src/test/java/dev/andre/homecontrol/adapters/webos/WebOsSessionTest.java	412	FIXED	-	2 s sleep replaced by await().during(2 s) that a closed session publishes nothing.
AaDKnCqFHkjsOnJ6opUQ	java:S2925	CODE_SMELL	MAJOR	src/test/java/dev/andre/homecontrol/discovery/ssdp/SsdpDiscoveryTest.java	173	FIXED	-	Sleep-then-negative-assert replaced by await().during(window).atMost(..).untilAsserted(..), so the condition must hold for the whole window.
AaDKnCqFHkjsOnJ6opUS	java:S2925	CODE_SMELL	MAJOR	src/test/java/dev/andre/homecontrol/discovery/ssdp/SsdpDiscoveryTest.java	222	FIXED	-	Sleep-then-negative-assert replaced by await().during(window).atMost(..).untilAsserted(..), so the condition must hold for the whole window.
AaDKnCqFHkjsOnJ6opUT	java:S2925	CODE_SMELL	MAJOR	src/test/java/dev/andre/homecontrol/discovery/ssdp/SsdpDiscoveryTest.java	287	FIXED	-	Sleep-then-negative-assert replaced by await().during(window).atMost(..).untilAsserted(..), so the condition must hold for the whole window.
AaDKnCPWHkjsOnJ6opNq	java:S2925	CODE_SMELL	MAJOR	src/test/java/dev/andre/homecontrol/sources/youtube/YouTubeSearchTest.java	195	FIXED	-	Replaced sleep(200) with an Awaitility wait until all 8 caller threads are parked inside YouTubeSearch.search (stack + state), then release.
AaDKnCn0HkjsOnJ6opTx	java:S2925	CODE_SMELL	MAJOR	src/test/java/dev/andre/homecontrol/web/LoginGateEndToEndTest.java	117	FIXED	-	Replaced sleep(1s)+isNotDone with await().during(1s).atMost(3s) asserting the event stream stays open.
AaDKnB8qHkjsOnJ6opKI	java:S3077	BUG	MINOR	src/main/java/dev/andre/homecontrol/adapters/androidtv/PairingService.java	42	FIXED	-	Real race between HTTP request threads: submit()'s finally cancel() closed and cleared whatever attempt was current, so a submit finishing after a concurrent begin() killed the NEW attempt; two concurrent begin() calls could orphan a PairingSession (its TLS socket never closed). Now an AtomicReference: begin getAndSet (closes any attempt it displaces), submit compareAndSet(own, null), cancel getAndSet(null); regression test PairingServiceTest.aSubmitThatEndsAfterANewAttemptBeganLeavesTheNewAttemptInProgress (fails on the old code).
AaDKnB4vHkjsOnJ6opJC	java:S3077	BUG	MINOR	src/main/java/dev/andre/homecontrol/adapters/cast/CastSession.java	73	FIXED	-	lastMedia is only ever read and written on the scheduler thread (Link handlers), so volatile was unnecessary: removed and documented as scheduler-confined.
AaDKnB6JHkjsOnJ6opJs	java:S3077	BUG	MINOR	src/main/java/dev/andre/homecontrol/adapters/sonos/SonosSession.java	75	FIXED	-	transport is only read and written on the ReconnectingPoller loop thread (readState, disconnected, nextPollDelay): volatile removed, documented as loop-confined.
AaDKnB2lHkjsOnJ6opId	java:S3077	BUG	MINOR	src/main/java/dev/andre/homecontrol/adapters/tizen/TizenRemoteConnection.java	36	FIXED	-	socket is now final: open() builds the inbound Channel listener first, opens the WebSocket, then constructs the connection with it, so no half-built connection is ever shared.
AaDKnB2SHkjsOnJ6opIB	java:S3077	BUG	MINOR	src/main/java/dev/andre/homecontrol/adapters/tizen/TizenSession.java	68	FIXED	-	Real race: dropConnection()'s read-null-close ran on both the tizen-<id> scheduler thread (poll when the TV is off, lost) and close()'s caller thread with no common lock (a connection could be closed twice). Now AtomicReference: getAndSet(null) for drop/close, compareAndSet for lost() and the connect-vs-close path, so each connection is taken out and closed exactly once.
AaDKnBv4HkjsOnJ6opGO	java:S3077	BUG	MINOR	src/main/java/dev/andre/homecontrol/adapters/upnp/UpnpSession.java	59	FIXED	-	transport is only read and written on the ReconnectingPoller loop thread: volatile removed, documented as loop-confined.
AaDKnB-zHkjsOnJ6opKn	java:S3077	BUG	MINOR	src/main/java/dev/andre/homecontrol/adapters/webos/WebOsSession.java	68	FIXED	-	Real race: close() (caller thread) read-nulled-closed the connection while lost() on the webos-<id> scheduler thread did check-then-null-then-close, no common lock (double close possible). Now AtomicReference: close getAndSet(null), lost and the connect-vs-close path compareAndSet, so each connection is closed exactly once.
AaDKnBo3HkjsOnJ6opE9	java:S3077	BUG	MINOR	src/main/java/dev/andre/homecontrol/sources/sports/calendar/CalendarSchedule.java	64	FIXED	-	Real race: events() (synchronized; rail refresh / request threads) replaced byItemId while forget() (setup request thread holding only SportsCalendars' lock) did copy-edit-write without it, which could overwrite a fresh index. Now AtomicReference: events() set(), forget() updateAndGet().
AaDKnBtOHkjsOnJ6opFw	java:S3077	BUG	MINOR	src/main/java/dev/andre/homecontrol/sources/tmdb/TmdbImages.java	31	FIXED	-	override is only ever assigned in the constructor, so it is now a final field (no volatile).
AaDKnCDDHkjsOnJ6opLo	java:S3358	CODE_SMELL	MAJOR	src/main/java/dev/andre/homecontrol/core/RedactedUris.java	17	FIXED	-	RedactedUris: scheme/host/port/path moved into where(URI) with the port as its own statement; output unchanged (RedactedUrisTest covers every branch).
AaDKnCAIHkjsOnJ6opLa	java:S3358	CODE_SMELL	MAJOR	src/main/java/dev/andre/homecontrol/core/playback/PlaybackPlanner.java	75	FIXED	-	The nested stream-reason ternary became streamReason() with named castOrRenderer/localSink flags and one if.
AaDKnCIoHkjsOnJ6opMe	java:S3358	CODE_SMELL	MAJOR	src/main/java/dev/andre/homecontrol/playback/DeepLinkTestService.java	89	FIXED	-	The no-change message moved to DeepLinkTestService.noChange() with the "still ..." part as its own statement per reporting mode; text unchanged (test for a live device without a reported app added).
AaDKnCIoHkjsOnJ6opMf	java:S3358	CODE_SMELL	MAJOR	src/main/java/dev/andre/homecontrol/playback/DeepLinkTestService.java	92	FIXED	-	Same extraction removes the second nested ternary.
AaDKnBfuHkjsOnJ6opC0	java:S3358	CODE_SMELL	MAJOR	src/main/java/dev/andre/homecontrol/sources/jellyfin/JellyfinItemMapper.java	70	FIXED	-	episodeLabel returns early without an episode number, then builds the number with one ternary; labels unchanged (tests added).
AaDKnBpEHkjsOnJ6opE_	java:S3358	CODE_SMELL	MAJOR	src/main/java/dev/andre/homecontrol/sources/sports/calendar/SportsCalendars.java	89	FIXED	-	Nested label ternary replaced by resolvedLabel() (user label, else calendar name, else host); evaluation order unchanged.
AaDKnBmMHkjsOnJ6opEV	java:S3358	CODE_SMELL	MAJOR	src/main/java/dev/andre/homecontrol/sources/sports/ics/IcsOccurrences.java	145	FIXED	-	The nested DTEND/DURATION/default ternary is an if/else chain in timedLength().
AaDKnBmyHkjsOnJ6opEe	java:S3358	CODE_SMELL	MAJOR	src/main/java/dev/andre/homecontrol/sources/sports/thesportsdb/TheSportsDbEventMapper.java	58	FIXED	-	The nested status ternary is now mappedStatus() with if/return.
AaDKnBdVHkjsOnJ6opCN	java:S3358	CODE_SMELL	MAJOR	src/main/java/dev/andre/homecontrol/sources/workflows/WorkflowForm.java	84	FIXED	-	WorkflowForm.toDraft builds the listing in listing(): null unless GENERATED, then the two optional pointers.
AaDKnBdVHkjsOnJ6opCO	java:S3358	CODE_SMELL	MAJOR	src/main/java/dev/andre/homecontrol/sources/workflows/WorkflowForm.java	84	FIXED	-	Same extraction removes the second nested ternary.
AaDKnBdMHkjsOnJ6opCE	java:S3358	CODE_SMELL	MAJOR	src/main/java/dev/andre/homecontrol/sources/workflows/WorkflowUrlPolicy.java	69	FIXED	-	WorkflowUrlPolicy.port returns the explicit port first, then the scheme default.
AaDev7nexjvAjhH7pH1D	java:S3398	CODE_SMELL	MINOR	src/main/java/dev/andre/homecontrol/adapters/cast/CastSession.java	353	FIXED	-	onReceiverStatus moved into Link (with followMedia, its only callee), next to handle/handleDisconnect: Link now holds all incoming-message handling, the session the commands and lifecycle. Idle-screen path covered by a new CastSessionTest case.
AaDev7nexjvAjhH7pH1C	java:S3398	CODE_SMELL	MINOR	src/main/java/dev/andre/homecontrol/adapters/cast/CastSession.java	385	FIXED	-	onMediaStatus moved into Link beside the dispatch that calls it.
AaDev7qHxjvAjhH7pH1E	java:S3398	CODE_SMELL	MINOR	src/main/java/dev/andre/homecontrol/adapters/sonos/SonosSession.java	248	FIXED	-	publish moved into Link, whose readState/disconnected are its only callers (all on the poll loop, so its redundant synchronized was dropped). Listener-failure path covered by a new SonosSessionTest case.
AaDev7W-xjvAjhH7pH0-	java:S3398	CODE_SMELL	MINOR	src/main/java/dev/andre/homecontrol/adapters/upnp/UpnpSession.java	139	FIXED	-	service() (with its helper onHost) moved into Link beside resolve(), its only caller. New UpnpSessionTest case covers the malformed-service-type branch.
AaDev7W-xjvAjhH7pH0_	java:S3398	CODE_SMELL	MINOR	src/main/java/dev/andre/homecontrol/adapters/upnp/UpnpSession.java	158	FIXED	-	volumeMaximum() moved into Link beside resolve(). New UpnpSessionTest cases cover an off-host and an unreadable SCPD.
AaDev7W-xjvAjhH7pH1A	java:S3398	CODE_SMELL	MINOR	src/main/java/dev/andre/homecontrol/adapters/upnp/UpnpSession.java	173	FIXED	-	publish() moved into Link, its only caller (poll loop only, redundant synchronized dropped). New UpnpSessionTest case covers a failing state listener.
AaDev7HZxjvAjhH7pH08	java:S3516	CODE_SMELL	BLOCKER	src/main/java/dev/andre/homecontrol/sources/sports/SportsSetupController.java	84	FIXED	-	timeZone() now has a single return of the redirect; the save moved to saveTimeZone(); same flash messages, same StorageException handling.
AaDev7tixjvAjhH7pH1G	java:S3626	CODE_SMELL	MINOR	src/main/java/dev/andre/homecontrol/adapters/androidtv/AndroidTvSession.java	182	FIXED	-	Removed the redundant return at the end of the try block in connect().
AaDKnCAIHkjsOnJ6opLT	java:S3776	CODE_SMELL	CRITICAL	src/main/java/dev/andre/homecontrol/core/playback/PlaybackPlanner.java	58	FIXED	-	PlaybackPlanner.explain now collects reason(ref, capabilities), a switch expression, plus streamReason(); same reasons in the same order (new PlaybackPlannerReasonsTest covers every playable kind).
AaDKnCJfHkjsOnJ6opMr	java:S3776	CODE_SMELL	CRITICAL	src/main/java/dev/andre/homecontrol/device/DeviceManager.java	157	FIXED	-	DeviceManager.execute delegates the per-adapter try/offline/unsupported bookkeeping to a private FallThrough (and accepts()); order, first-offline/last-unsupported precedence and refusal propagation unchanged.
AaDKnCJfHkjsOnJ6opMs	java:S3776	CODE_SMELL	CRITICAL	src/main/java/dev/andre/homecontrol/device/DeviceManager.java	204	FIXED	-	stopEverywhere uses FallThrough.stopped() (refusals kept, other adapters still stopped) and FallThrough.reason().
AaDKnCJfHkjsOnJ6opMt	java:S3776	CODE_SMELL	CRITICAL	src/main/java/dev/andre/homecontrol/device/DeviceManager.java	260	FIXED	-	query uses accepts() + FallThrough.reachable()/offline()/unsupported(); same fall-through and messages (tests for offline/unsupported hand-over added).
AaDKnCHmHkjsOnJ6opMY	java:S3776	CODE_SMELL	CRITICAL	src/main/java/dev/andre/homecontrol/security/HostAllowlist.java	50	FIXED	-	HostAllowlist.allows split into isBracketedIpv6() and allowsName(); same checks in the same order (bracket, port, IPv4 literal, DNS name, localhost/single label/exact/LAN suffix/configured suffix); every moved branch covered by HostAllowlistTest plus a new bracketed-host test.
AaDKnBgtHkjsOnJ6opDF	java:S3776	CODE_SMELL	CRITICAL	src/main/java/dev/andre/homecontrol/sources/jellyfin/JellyfinClient.java	234	FIXED	-	JellyfinClient.send uses exchange() (shared transport error mapping, also used by image()), requireSuccess() and parse(); same statuses, kinds and messages (tests for 403, unreadable JSON, timeout, hang-up and interrupt added).
AaDKnBe_HkjsOnJ6opCs	java:S3776	CODE_SMELL	CRITICAL	src/main/java/dev/andre/homecontrol/sources/jellyfin/JellyfinPlayableResolver.java	38	FIXED	-	JellyfinPlayableResolver.resolve delegates to nativeStart(), openSession() and addReceiverPlayable(); same order, notes and early returns (existing resolver tests pass).
AaDKnBhOHkjsOnJ6opDN	java:S3776	CODE_SMELL	CRITICAL	src/main/java/dev/andre/homecontrol/sources/jellyfin/JellyfinSetupService.java	49	FIXED	-	JellyfinSetupService.connect delegates the login gate to passLoginGate() (still checked first) and the password/API-key login to grant() returning a private Grant record.
AaDKnBq-HkjsOnJ6opFe	java:S3776	CODE_SMELL	CRITICAL	src/main/java/dev/andre/homecontrol/sources/pinned/JsonFilePinStore.java	152	FIXED	-	JsonFilePinStore.save writes optional fields through putOrNull(); same JSON (explicit nulls kept).
AaDKnBprHkjsOnJ6opFM	java:S3776	CODE_SMELL	CRITICAL	src/main/java/dev/andre/homecontrol/sources/sports/JsonFileSportsStore.java	55	FIXED	-	load() delegates time-zone, calendar and competition reading to timeZone()/calendars()/competitions(); still synchronized, same order, same errors and warnings.
AaDKnBprHkjsOnJ6opFP	java:S3776	CODE_SMELL	CRITICAL	src/main/java/dev/andre/homecontrol/sources/sports/JsonFileSportsStore.java	196	FIXED	-	save() split into writeCalendar/writeCompetition/putOrNull/writeAtomically/deleteQuietly; save stays synchronized so the whole write runs under the same lock; JSON key order unchanged.
AaDKnBqvHkjsOnJ6opFV	java:S3776	CODE_SMELL	CRITICAL	src/main/java/dev/andre/homecontrol/sources/sports/SportsSetupAdvice.java	97	FIXED	-	statusText() builds the three "; n thing(s)" notes through a count(n, one, many) helper; output text unchanged (tested singular and plural).
AaDKnBooHkjsOnJ6opE5	java:S3776	CODE_SMELL	CRITICAL	src/main/java/dev/andre/homecontrol/sources/sports/calendar/CalendarFetcher.java	49	FIXED	-	fetch() is a hop loop over send()/read()/redirectTarget() with a Hop record; checkAddress still runs before every connection, the body is still always closed, and the same exceptions are thrown.
AaDKnBmMHkjsOnJ6opEN	java:S3776	CODE_SMELL	CRITICAL	src/main/java/dev/andre/homecontrol/sources/sports/ics/IcsOccurrences.java	35	FIXED	-	expand() extracts overriddenStarts(); per-event logic and counters unchanged.
AaDKnBmMHkjsOnJ6opET	java:S3776	CODE_SMELL	CRITICAL	src/main/java/dev/andre/homecontrol/sources/sports/ics/IcsOccurrences.java	122	FIXED	-	Expansion constructor delegates to allDayLength() and timedLength(); zone lookups (and unknown-zone counting) run in the same order.
AaDKnBloHkjsOnJ6opEC	java:S3776	CODE_SMELL	CRITICAL	src/main/java/dev/andre/homecontrol/sources/sports/ics/IcsParser.java	45	FIXED	-	parse() feeds content lines to a private CalendarReader (begin/end/closeEvent/property/finish); same nesting rules, MAX_EVENTS check, skipped count and errors.
AaDKnBloHkjsOnJ6opEF	java:S3776	CODE_SMELL	CRITICAL	src/main/java/dev/andre/homecontrol/sources/sports/ics/IcsParser.java	139	FIXED	-	contentLine() uses valueColon(), params() and unquote() helpers; same quoting, first-parameter-wins and null cases (tested).
AaDKnBloHkjsOnJ6opEG	java:S3776	CODE_SMELL	CRITICAL	src/main/java/dev/andre/homecontrol/sources/sports/ics/IcsParser.java	180	FIXED	-	event() uses firstOf(current, supplier), which keeps first-occurrence-wins and still skips parsing later duplicates; EXDATE parsing moved to addExdates().
AaDKnBmiHkjsOnJ6opEZ	java:S3776	CODE_SMELL	CRITICAL	src/main/java/dev/andre/homecontrol/sources/sports/ics/IcsRecurrence.java	24	FIXED	-	parse() reads each part through a private Parts builder with one method per key; same bounds, same rejection rules, same final validation.
AaDKnBmyHkjsOnJ6opEd	java:S3776	CODE_SMELL	CRITICAL	src/main/java/dev/andre/homecontrol/sources/sports/thesportsdb/TheSportsDbEventMapper.java	41	FIXED	-	toEvent() delegates to mappedStatus() and timing() (timestamp, then UTC date+time, then all-day local date) returning a private Timing record; checks run in the same order.
AaDKnBnQHkjsOnJ6opEp	java:S3776	CODE_SMELL	CRITICAL	src/main/java/dev/andre/homecontrol/sources/sports/thesportsdb/TheSportsDbSchedule.java	82	FIXED	-	events() delegates to dropUnknownAndOld/keyUnavailable/entry/fetch; a small Round object carries the per-pass rate-limit flag; events() stays synchronized so every helper runs under the same monitor.
AaDKnBuIHkjsOnJ6opGA	java:S3776	CODE_SMELL	CRITICAL	src/main/java/dev/andre/homecontrol/sources/tmdb/TmdbContentSource.java	229	FIXED	-	collectTrendingCandidates() uses addCandidates() and isNewTitle() with a lastPage flag; same paging stop rules (empty page or last page) and dedupe (tested).
AaDKnBtqHkjsOnJ6opF1	java:S3776	CODE_SMELL	CRITICAL	src/main/java/dev/andre/homecontrol/sources/tmdb/TmdbItemMapper.java	22	FIXED	-	toItem() delegates the prefix/kind + year subtitle to subtitle(); output unchanged.
AaDKnBayHkjsOnJ6opB0	java:S3776	CODE_SMELL	CRITICAL	src/main/java/dev/andre/homecontrol/sources/workflows/WorkflowSetupController.java	258	FIXED	-	WorkflowSetupController.editor delegates error copying to copySafely() and safeMessage(); the copy still keeps only target and message.
AaDKnBayHkjsOnJ6opB1	java:S3776	CODE_SMELL	CRITICAL	src/main/java/dev/andre/homecontrol/sources/workflows/WorkflowSetupController.java	278	FIXED	-	validationField split into scalarField() and variableField(); same order (BUILD, scalar details, mapping rows, headers) (parameterized test over every field added).
AaDKnBeBHkjsOnJ6opCa	java:S3776	CODE_SMELL	CRITICAL	src/main/java/dev/andre/homecontrol/sources/workflows/WorkflowTemplate.java	99	FIXED	-	previewLiteral keeps the masking state; the per-character show/mask decision moved to shownInPreview(); same output (tests for no-path and bare query-name templates added).
AaDKnBj1HkjsOnJ6opDp	java:S3776	CODE_SMELL	CRITICAL	src/main/java/dev/andre/homecontrol/sources/youtube/LoungeClient.java	116	FIXED	-	LoungeClient.parseBind reads the session from events(); topLevelArrays()/closingQuote() do the string-aware bracket scan and parseOrMissing() skips unreadable chunks; same results (tests for brackets/escapes in strings, bad chunks, unterminated strings added).
AaDKnBiWHkjsOnJ6opDb	java:S3776	CODE_SMELL	CRITICAL	src/main/java/dev/andre/homecontrol/sources/youtube/SubscriptionsFeed.java	90	FIXED	-	Subscription paging moved to fetchSubscriptions(); `subscriptions` is still only replaced after all pages load.
AaDKnBikHkjsOnJ6opDc	java:S3776	CODE_SMELL	CRITICAL	src/main/java/dev/andre/homecontrol/sources/youtube/YouTubeApiClient.java	53	FIXED	-	YouTubeApiClient.failure delegates the 403 cases to forbidden(); same kinds, messages, reasons and ledger marking (parameterized test over every 403 case added).
AaDev6sDxjvAjhH7pH05	java:S4449	CODE_SMELL	MAJOR	src/main/java/dev/andre/homecontrol/sources/workflows/WorkflowSetupController.java	266	FIXED	-	safeMessage() never returns null: an error without default text gets "Check the form and try again." (only reachable for message-less errors, which the controller never creates; test added).
AaDgGYrMk1PEmkU318oe	java:S5778	CODE_SMELL	MAJOR	src/test/java/dev/andre/homecontrol/core/playback/PlayableRefTest.java	61	FIXED	-	Hoisted message.message() into a local so the lambda only calls put().
AaDgGYrMk1PEmkU318oc	java:S5838	CODE_SMELL	MINOR	src/test/java/dev/andre/homecontrol/core/playback/PlayableRefTest.java	38	FIXED	-	assertThat(x.toString()).isEqualTo(..) became assertThat(x).hasToString(..).
AaDgGYrMk1PEmkU318od	java:S5838	CODE_SMELL	MINOR	src/test/java/dev/andre/homecontrol/core/playback/PlayableRefTest.java	40	FIXED	-	assertThat(x.toString()).isEqualTo(..) became assertThat(x).hasToString(..).
AaDgGYKSk1PEmkU318oW	java:S5838	CODE_SMELL	MINOR	src/test/java/dev/andre/homecontrol/sources/workflows/WorkflowJsonTest.java	208	FIXED	-	assertThat(entry.toString()).isEqualTo(..) became assertThat(entry).hasToString(..).
AaDgGYfAk1PEmkU318oX	java:S5838	CODE_SMELL	MINOR	src/test/java/dev/andre/homecontrol/web/LoginControllerTest.java	163	FIXED	-	Flash-attribute get(key).isEqualTo(v) became containsEntry(key, v) via a flash() helper typing Spring's Map<String, ?>.
AaDgGYfAk1PEmkU318oY	java:S5838	CODE_SMELL	MINOR	src/test/java/dev/andre/homecontrol/web/LoginControllerTest.java	175	FIXED	-	Flash-attribute get(key).isEqualTo(v) became containsEntry(key, v) via a flash() helper typing Spring's Map<String, ?>.
AaDgGYfAk1PEmkU318oZ	java:S5838	CODE_SMELL	MINOR	src/test/java/dev/andre/homecontrol/web/LoginControllerTest.java	178	FIXED	-	Flash-attribute get(key).isEqualTo(v) became containsEntry(key, v) via a flash() helper typing Spring's Map<String, ?>.
AaDgGYfAk1PEmkU318oa	java:S5838	CODE_SMELL	MINOR	src/test/java/dev/andre/homecontrol/web/LoginControllerTest.java	193	FIXED	-	Flash-attribute get(key).isEqualTo(v) became containsEntry(key, v) via a flash() helper typing Spring's Map<String, ?>.
AaDgGYfAk1PEmkU318ob	java:S5838	CODE_SMELL	MINOR	src/test/java/dev/andre/homecontrol/web/LoginControllerTest.java	195	FIXED	-	Flash-attribute get(key).isEqualTo(v) became containsEntry(key, v) via a flash() helper typing Spring's Map<String, ?>.
AaDKnCo5HkjsOnJ6opT9	java:S5841	BUG	MINOR	src/test/java/dev/andre/homecontrol/web/LoginGatingTest.java	85	FIXED	-	The data-dir listing could be empty; now asserts secrets.json and secret.key do not exist, which cannot pass vacuously.
AaDKnCmwHkjsOnJ6opTs	java:S5841	BUG	MINOR	src/test/java/dev/andre/homecontrol/web/SourcesSetupControllerTest.java	227	FIXED	-	Added isNotEmpty() before allSatisfy on each handler's pattern values.
AaDKnBloHkjsOnJ6opEK	java:S5843	CODE_SMELL	MAJOR	src/main/java/dev/andre/homecontrol/sources/sports/ics/IcsParser.java	37	FIXED	-	DURATION is split at its first T into DURATION_DATE (sign, W, D) and DURATION_TIME (H, M, S), regex complexity 8 and 9; the old and new parse agree on all 4,288,331 generated inputs (0 mismatches).
AaDKnCJfHkjsOnJ6opMu	java:S5850	BUG	MAJOR	src/main/java/dev/andre/homecontrol/device/DeviceManager.java	710	FIXED	-	The id slug strips its single leading/trailing dash with two anchored replaceFirst calls instead of the (^-|-$) alternation; same output (test added).
AaDev9EUxjvAjhH7pH3H	java:S5853	CODE_SMELL	MINOR	src/test/java/dev/andre/homecontrol/core/playback/CastLoadsTest.java	17	FIXED	-	Consecutive assertions on the same subject joined into one assertion chain.
AaDev9EUxjvAjhH7pH3I	java:S5853	CODE_SMELL	MINOR	src/test/java/dev/andre/homecontrol/core/playback/CastLoadsTest.java	33	FIXED	-	Consecutive assertions on the same subject joined into one assertion chain.
AaDev9AuxjvAjhH7pH26	java:S5853	CODE_SMELL	MINOR	src/test/java/dev/andre/homecontrol/deployment/BluetoothDeploymentTest.java	26	FIXED	-	Consecutive assertions on the same subject joined into one assertion chain.
AaDev9AuxjvAjhH7pH27	java:S5853	CODE_SMELL	MINOR	src/test/java/dev/andre/homecontrol/deployment/BluetoothDeploymentTest.java	49	FIXED	-	Consecutive assertions on the same subject joined into one assertion chain.
AaDev9AuxjvAjhH7pH28	java:S5853	CODE_SMELL	MINOR	src/test/java/dev/andre/homecontrol/deployment/BluetoothDeploymentTest.java	54	FIXED	-	Consecutive assertions on the same subject joined into one assertion chain.
AaDev9AuxjvAjhH7pH29	java:S5853	CODE_SMELL	MINOR	src/test/java/dev/andre/homecontrol/deployment/BluetoothDeploymentTest.java	76	FIXED	-	Consecutive assertions on the same subject joined into one assertion chain.
AaDev9AuxjvAjhH7pH2-	java:S5853	CODE_SMELL	MINOR	src/test/java/dev/andre/homecontrol/deployment/BluetoothDeploymentTest.java	120	FIXED	-	Consecutive assertions on the same subject joined into one assertion chain.
AaDev9AuxjvAjhH7pH2_	java:S5853	CODE_SMELL	MINOR	src/test/java/dev/andre/homecontrol/deployment/BluetoothDeploymentTest.java	129	FIXED	-	Consecutive assertions on the same subject joined into one assertion chain.
AaDev9BXxjvAjhH7pH3A	java:S5853	CODE_SMELL	MINOR	src/test/java/dev/andre/homecontrol/deployment/CasaOsManifestTest.java	24	FIXED	-	Consecutive assertions on the same subject joined into one assertion chain.
AaDev9BXxjvAjhH7pH3B	java:S5853	CODE_SMELL	MINOR	src/test/java/dev/andre/homecontrol/deployment/CasaOsManifestTest.java	43	FIXED	-	Consecutive assertions on the same subject joined into one assertion chain.
AaDev8ldxjvAjhH7pH13	java:S5853	CODE_SMELL	MINOR	src/test/java/dev/andre/homecontrol/sources/workflows/WorkflowCastRouteExecutorTest.java	50	FIXED	-	Consecutive assertions on the same subject joined into one assertion chain.
AaDev8n6xjvAjhH7pH2U	java:S5853	CODE_SMELL	MINOR	src/test/java/dev/andre/homecontrol/sources/workflows/WorkflowJsonTest.java	19	FIXED	-	Consecutive assertions on the same subject joined into one assertion chain.
AaDKnCYQHkjsOnJ6opPe	java:S5958	CODE_SMELL	MAJOR	src/test/java/dev/andre/homecontrol/sources/workflows/WorkflowStoreTest.java	209	FIXED	-	The bare assertThatThrownBy now checks WorkflowException and the "unknown media URL placeholder: Missing" message (args hoisted per S5778).
AaDKnClIHkjsOnJ6opTd	java:S5976	CODE_SMELL	MAJOR	src/test/java/dev/andre/homecontrol/core/playback/AppLinksTest.java	78	FIXED	-	The three file-name title tests became one @ParameterizedTest with the three cases and their reasons.
AaDKnCXbHkjsOnJ6opPH	java:S6068	CODE_SMELL	MINOR	src/test/java/dev/andre/homecontrol/sources/pinned/PinnedSetupControllerTest.java	107	FIXED	-	verify(..).move(eq(a), eq(b)) now passes the values directly; unused eq import removed.
AaDKnCpqHkjsOnJ6opUJ	java:S6126	CODE_SMELL	MAJOR	src/test/java/dev/andre/homecontrol/discovery/ssdp/SsdpMessageTest.java	41	FIXED	-	SSDP datagrams are text blocks with a \r escape at each line end; verified byte-identical to the old CRLF literals.
AaDKnCpqHkjsOnJ6opUK	java:S6126	CODE_SMELL	MAJOR	src/test/java/dev/andre/homecontrol/discovery/ssdp/SsdpMessageTest.java	56	FIXED	-	SSDP datagrams are text blocks with a \r escape at each line end; verified byte-identical to the old CRLF literals.
AaDKnCpqHkjsOnJ6opUL	java:S6126	CODE_SMELL	MAJOR	src/test/java/dev/andre/homecontrol/discovery/ssdp/SsdpMessageTest.java	71	FIXED	-	SSDP datagrams are text blocks with a \r escape at each line end; verified byte-identical to the old CRLF literals.
AaDKnCpqHkjsOnJ6opUN	java:S6126	CODE_SMELL	MAJOR	src/test/java/dev/andre/homecontrol/discovery/ssdp/SsdpMessageTest.java	95	FIXED	-	SSDP datagrams are text blocks with a \r escape at each line end; verified byte-identical to the old CRLF literals.
AaDKnCRZHkjsOnJ6opN6	java:S6126	CODE_SMELL	MAJOR	src/test/java/dev/andre/homecontrol/sources/sports/ics/IcsOccurrencesTest.java	98	FIXED	-	LF-only iCalendar fixtures became text blocks (byte-identical, verified).
AaDKnCRZHkjsOnJ6opN7	java:S6126	CODE_SMELL	MAJOR	src/test/java/dev/andre/homecontrol/sources/sports/ics/IcsOccurrencesTest.java	128	FIXED	-	LF-only iCalendar fixtures became text blocks (byte-identical, verified).
AaDKnCRZHkjsOnJ6opN8	java:S6126	CODE_SMELL	MAJOR	src/test/java/dev/andre/homecontrol/sources/sports/ics/IcsOccurrencesTest.java	142	FIXED	-	LF-only iCalendar fixtures became text blocks (byte-identical, verified).
AaDKnCRZHkjsOnJ6opN9	java:S6126	CODE_SMELL	MAJOR	src/test/java/dev/andre/homecontrol/sources/sports/ics/IcsOccurrencesTest.java	155	FIXED	-	LF-only iCalendar fixtures became text blocks (byte-identical, verified).
AaDKnCQmHkjsOnJ6opNx	java:S6204	CODE_SMELL	MAJOR	src/test/java/dev/andre/homecontrol/sources/youtube/SubscriptionsFeedTest.java	68	FIXED	-	collect(Collectors.toList()) became toList(); the ids are only asserted on, never modified.
AaDev68zxjvAjhH7pH07	java:S6205	CODE_SMELL	MINOR	src/main/java/dev/andre/homecontrol/sources/youtube/YouTubeAuthorizationService.java	217	FIXED	-	The Granted arm calls storeGrant() without a redundant block.
AaDOlarLlfDPqyRzsUQL	java:S6206	CODE_SMELL	MAJOR	src/main/java/dev/andre/homecontrol/sources/workflows/WorkflowHttpClient.java	179	FIXED	-	FetchResponse is a record again (package-private) with Arrays-based equals/hashCode and a toString that prints the body size only (test added).
AaDKnCb9HkjsOnJ6opQ-	java:S6213	CODE_SMELL	MAJOR	src/test/java/dev/andre/homecontrol/adapters/bluetooth/bluez/FakeBluezClient.java	115	FIXED	-	Loop variable 'record' renamed to 'adapter'.
AaDKnCb9HkjsOnJ6opQ_	java:S6213	CODE_SMELL	MAJOR	src/test/java/dev/andre/homecontrol/adapters/bluetooth/bluez/FakeBluezClient.java	228	FIXED	-	Lambda parameter 'record' renamed to 'adapter'.
AaDKnBgtHkjsOnJ6opDB	java:S6218	BUG	MAJOR	src/main/java/dev/andre/homecontrol/sources/jellyfin/JellyfinClient.java	164	FIXED	-	JellyfinClient.Image stays a record with Arrays-based equals/hashCode and a toString that prints the byte count only (test added).
AaDKnBhgHkjsOnJ6opDP	java:S6218	BUG	MAJOR	src/main/java/dev/andre/homecontrol/sources/youtube/YouTubeHttp.java	29	FIXED	-	YouTubeHttp.Response stays a record with Arrays-based equals/hashCode and a toString that prints the body size only (test added).
AaDKnCEQHkjsOnJ6opLu	java:S6218	BUG	MAJOR	src/main/java/dev/andre/homecontrol/storage/SecretKeySource.java	31	FIXED	-	SecretKeySource.KeyHeader stays a record with Arrays-based equals/hashCode; toString prints the salt length, not its bytes (test added).
AaDKnB_yHkjsOnJ6opLQ	java:S6353	CODE_SMELL	MINOR	src/main/java/dev/andre/homecontrol/core/playback/ServiceLinks.java	26	FIXED	-	NETFLIX_PATH uses \d{1,12} (identical to [0-9] without UNICODE_CHARACTER_CLASS).
AaDKnB_yHkjsOnJ6opLR	java:S6353	CODE_SMELL	MINOR	src/main/java/dev/andre/homecontrol/core/playback/ServiceLinks.java	27	FIXED	-	NETFLIX_ID uses \d{1,12}.
AaDKnBprHkjsOnJ6opFL	java:S6353	CODE_SMELL	MINOR	src/main/java/dev/andre/homecontrol/sources/sports/JsonFileSportsStore.java	42	FIXED	-	LEAGUE_ID now ^\d{1,9}$; exact equivalent (no UNICODE_CHARACTER_CLASS flag anywhere in src/main).
AaDKnBnsHkjsOnJ6opEv	java:S6353	CODE_SMELL	MINOR	src/main/java/dev/andre/homecontrol/sources/sports/thesportsdb/League.java	13	FIXED	-	League id pattern is now ^\d{1,9}$ (exact equivalent).
AaDKnBn7HkjsOnJ6opEx	java:S6353	CODE_SMELL	MINOR	src/main/java/dev/andre/homecontrol/sources/sports/thesportsdb/SportsCompetitions.java	18	FIXED	-	LEAGUE_ID pattern is now ^\d{1,9}$ (exact equivalent).
AaDKnBmyHkjsOnJ6opEc	java:S6353	CODE_SMELL	MINOR	src/main/java/dev/andre/homecontrol/sources/sports/thesportsdb/TheSportsDbEventMapper.java	26	FIXED	-	Event id pattern is now ^\d{1,12}$ (exact equivalent).
AaDKnBtZHkjsOnJ6opFz	java:S6353	CODE_SMELL	MINOR	src/main/java/dev/andre/homecontrol/sources/tmdb/TmdbMediaRef.java	14	FIXED	-	Item id pattern is now ^(movie|tv)-([1-9]\d{0,9})$ (exact equivalent).
AaDKnBayHkjsOnJ6opBm	java:S6353	CODE_SMELL	MINOR	src/main/java/dev/andre/homecontrol/sources/workflows/WorkflowSetupController.java	39	FIXED	-	VARIABLE uses [1-9]\d?.
AaDKnBayHkjsOnJ6opBn	java:S6353	CODE_SMELL	MINOR	src/main/java/dev/andre/homecontrol/sources/workflows/WorkflowSetupController.java	40	FIXED	-	HEADER uses [1-9]\d?.
AaDKnBeBHkjsOnJ6opCY	java:S6353	CODE_SMELL	MINOR	src/main/java/dev/andre/homecontrol/sources/workflows/WorkflowTemplate.java	15	FIXED	-	VARIABLE uses [A-Za-z]\w{0,31} (\w is [A-Za-z0-9_] without UNICODE_CHARACTER_CLASS).
AaDKnBd3HkjsOnJ6opCU	java:S6353	CODE_SMELL	MINOR	src/main/java/dev/andre/homecontrol/sources/workflows/WorkflowValidator.java	19	FIXED	-	NAME uses [A-Za-z]\w{0,31}.
AaDKnBiHHkjsOnJ6opDX	java:S6353	CODE_SMELL	MINOR	src/main/java/dev/andre/homecontrol/sources/youtube/YouTubeSearch.java	24	FIXED	-	ENTITY uses #\d{1,7}.
AaDKnBhxHkjsOnJ6opDV	java:S6353	CODE_SMELL	MINOR	src/main/java/dev/andre/homecontrol/sources/youtube/YouTubeSetupService.java	27	FIXED	-	CLIENT_ID_PATTERN uses ^\d{6,20} (CASE_INSENSITIVE does not affect \d).
AaDKnCGEHkjsOnJ6opMJ	java:S6829	CODE_SMELL	MAJOR	src/main/java/dev/andre/homecontrol/web/IconController.java	17	FIXED	-	The public no-arg constructor Spring already chose is marked @Autowired; the package-private one stays for tests.
AaDev7jRxjvAjhH7pH1B	java:S6916	CODE_SMELL	MAJOR	src/main/java/dev/andre/homecontrol/adapters/tizen/TizenRemoteConnection.java	132	FIXED	-	A when-guard is illegal on a constant String label (javac: guards need a pattern), so the nested isDebugEnabled if was replaced by SLF4J's lazy log.atDebug().addArgument(Supplier): same output, still lazy, no if.
AaDKnCAIHkjsOnJ6opLU	java:S6916	CODE_SMELL	MAJOR	src/main/java/dev/andre/homecontrol/core/playback/PlaybackPlanner.java	63	FIXED	-	The AppLink check is a `when` guard in reason(): no reason with APP_LINK, "cannot open app links" without.
AaDKnBmiHkjsOnJ6opEa	java:S6916	CODE_SMELL	MAJOR	src/main/java/dev/andre/homecontrol/sources/sports/ics/IcsRecurrence.java	71	FIXED	-	The WKST case now returns DAYS.containsKey(value) from the switch expression, so the if is gone.
AaDKnChoHkjsOnJ6opSO	java:S7466	CODE_SMELL	MINOR	src/test/java/dev/andre/homecontrol/adapters/androidtv/protocol/RemoteConnectionTest.java	333	FIXED	-	try-with-resources now declares 'var _' instead of 'RemoteConnection _'.
AaDKnCTgHkjsOnJ6opOd	java:S8714	CODE_SMELL	MINOR	src/test/java/dev/andre/homecontrol/sources/sports/thesportsdb/TheSportsDbClientTest.java	159	FIXED	-	try/fail/catch became assertThrows(TheSportsDbException.class, ..) with the same leak assertions on the result.
AaDKnBnfHkjsOnJ6opEt	java:S8786	CODE_SMELL	MAJOR	src/main/java/dev/andre/homecontrol/sources/sports/thesportsdb/TheSportsDbClient.java	148	FIXED	-	replaceAll("/+$", "") replaced by a linear withoutTrailingSlashes() loop; equivalent because a URI string has no line terminator for $ to precede.
AaDKnBtAHkjsOnJ6opFv	java:S8786	CODE_SMELL	MAJOR	src/main/java/dev/andre/homecontrol/sources/tmdb/TmdbClient.java	97	FIXED	-	replaceAll("/+$", "") replaced by a linear withoutTrailingSlashes() loop (same reasoning as the TheSportsDB client).
AaDKnCoaHkjsOnJ6opT6	java:S8786	CODE_SMELL	MAJOR	src/test/java/dev/andre/homecontrol/web/SportsEndToEndTest.java	155	FIXED	-	Tile regex no longer backtracks: whole <button[^>]*+> tags are matched possessively, then filtered for class="tile".
AaDKnCKtHkjsOnJ6opM8	java:S9358	CODE_SMELL	MINOR	src/main/java/dev/andre/homecontrol/discovery/ssdp/SsdpMessage.java	58	FIXED	-	SsdpMessage.type() is header(kind == NOTIFY ? "NT" : "ST").
AaDKnCFQHkjsOnJ6opMF	java:S9358	CODE_SMELL	MINOR	src/main/java/dev/andre/homecontrol/web/ContentPlayController.java	144	FIXED	-	notFound(source) is gone: requireItem() builds one NoSuchContentException whose message is chosen by the ternary.
AaDKnCZvHkjsOnJ6opQO	java:S9358	CODE_SMELL	MINOR	src/test/java/dev/andre/homecontrol/adapters/bluetooth/player/FakeMpv.java	107	FIXED	-	Conditional removed: parts[parts.length - 1] is the description when given, else the id (split limit 2).
AaDKnCmFHkjsOnJ6opTl	java:S9358	CODE_SMELL	MINOR	src/test/java/dev/andre/homecontrol/web/WorkflowEndToEndTest.java	73	FIXED	-	The ternary now sits inside Set.of(..) instead of choosing between two Set.of calls.
AaDKnCt2HkjsOnJ6opVV	kotlin:S6624	CODE_SMELL	MAJOR	build.gradle.kts	54	FIXED	-	Versions moved to gradle/libs.versions.toml; resolved dependency graph identical to main.
AaDKnCt2HkjsOnJ6opVW	kotlin:S6624	CODE_SMELL	MAJOR	build.gradle.kts	55	FIXED	-	Versions moved to gradle/libs.versions.toml; resolved dependency graph identical to main.
AaDKnCt2HkjsOnJ6opVX	kotlin:S6624	CODE_SMELL	MAJOR	build.gradle.kts	56	FIXED	-	Versions moved to gradle/libs.versions.toml; resolved dependency graph identical to main.
AaDKnCt2HkjsOnJ6opVY	kotlin:S6624	CODE_SMELL	MAJOR	build.gradle.kts	58	FIXED	-	Versions moved to gradle/libs.versions.toml; resolved dependency graph identical to main.
AaDKnCt2HkjsOnJ6opVZ	kotlin:S6624	CODE_SMELL	MAJOR	build.gradle.kts	60	FIXED	-	Versions moved to gradle/libs.versions.toml; resolved dependency graph identical to main.
AaDKnCt2HkjsOnJ6opVa	kotlin:S6624	CODE_SMELL	MAJOR	build.gradle.kts	61	FIXED	-	Versions moved to gradle/libs.versions.toml; resolved dependency graph identical to main.
AaDKnCt2HkjsOnJ6opVb	kotlin:S6624	CODE_SMELL	MAJOR	build.gradle.kts	62	FIXED	-	Versions moved to gradle/libs.versions.toml; resolved dependency graph identical to main.
